season,file,page,table,population_group,region,population_type,fieldwork,method,n_children,n_clusters,gam,gam_lo,gam_hi,sam,sam_lo,sam_hi,muac_gam,muac_gam_lo,muac_gam_hi,muac_sam,cdr,cdr_lo,cdr_hi,u5dr,u5dr_lo,u5dr_hi,notes
Deyr 2013/14,FSNAU-Technical-Series-Report-Post-Deyr-2013-14-Nutrition-Analysis.pdf,37,Table 14: Summary of Key Nutrition Findings: Northwest IDPs and Rural Livelihoods from Gu 2013,Hargeisa IDPs,Northwest,IDP,23 Nov-7 Dec 2013,SMART,574,30,10.6,7.6,14.6,1.9,0.8,4.6,4.6,2.8,7.5,0.9,0.21,0.10,0.45,0.55,0.18,1.68,"Fieldwork dates from time plan (Appendix 6.1, PDF p92). Table 14 caption says 'from Gu 2013' as printed but values are the Deyr 2013/14 values (match Annex 6.7 p99). muac_sam CI printed (0.3-2.5)."
Deyr 2013/14,FSNAU-Technical-Series-Report-Post-Deyr-2013-14-Nutrition-Analysis.pdf,37,Table 14: Summary of Key Nutrition Findings: Northwest IDPs and Rural Livelihoods from Gu 2013,Burao IDP's,Northwest,IDP,23 Nov-7 Dec 2013,SMART,619,32,10.0,7.3,13.7,1.0,0.5,2.0,3.1,1.8,5.1,0.6,0.19,0.08,0.45,0.35,0.09,1.44,Fieldwork from time plan p92. muac_sam CI printed (0.2-1.7). Printed N=619 with Boys=315; Girls=304.
Deyr 2013/14,FSNAU-Technical-Series-Report-Post-Deyr-2013-14-Nutrition-Analysis.pdf,37,Table 14: Summary of Key Nutrition Findings: Northwest IDPs and Rural Livelihoods from Gu 2013,Berbera IDPs,Northwest,IDP,23 Nov-7 Dec 2013,SMART,528,28,16.1,12.7,20.2,3.6,2.1,6.1,7.2,5.1,10.0,2.3,0.22,0.09,0.54,0.41,0.10,1.64,Fieldwork from time plan p92. muac_sam CI printed (1.2-4.2).
Deyr 2013/14,FSNAU-Technical-Series-Report-Post-Deyr-2013-14-Nutrition-Analysis.pdf,37,Table 14: Summary of Key Nutrition Findings: Northwest IDPs and Rural Livelihoods from Gu 2013,Sool Plateau,Northwest,rural,Dec 2013-Jan 2014,SMART,613,32,8.6,6.1,12.1,0.5,0.2,1.5,1.8,1.0,3.2,0.2,0.19,0.07,0.51,0.30,0.07,1.22,"Same survey also printed in Table 21 (p49, Northeast Rural; identical values, N=613) - recorded once here. Fieldwork window from time plan p92 (cross-cutting livelihood). muac_sam CI printed (0.0-1.2)."
Deyr 2013/14,FSNAU-Technical-Series-Report-Post-Deyr-2013-14-Nutrition-Analysis.pdf,37,Table 14: Summary of Key Nutrition Findings: Northwest IDPs and Rural Livelihoods from Gu 2013,Nugal Valley,Northwest,rural,Dec 2013-Jan 2014,SMART,622,35,14.5,11.2,18.5,2.3,1.2,4.3,1.9,1.0,3.8,0.5,0.13,0.05,0.35,0.29,0.07,1.21,"Same survey also in Table 21 (p49, Northeast Rural; identical estimates) - recorded once here. Header N differs: Table 14 N=622 (Boys=330; Girls=222 as printed), Table 21 N=574 (Boys=292; Girls=282). Fieldwork window from time plan p92. muac_sam CI printed (0.2-1.5)."
Deyr 2013/14,FSNAU-Technical-Series-Report-Post-Deyr-2013-14-Nutrition-Analysis.pdf,39,Table 15: Summary of Key Nutrition Findings: Northwest Rural Livelihoods and change from Gu 2013,West Golis,Northwest,rural,17-25 Dec 2013,MUAC rapid,550,25,,,,,,,5.3,2.5,8.0,1.3,,,,,,,"MUAC-only representative survey; no WHZ, no mortality in table. Fieldwork from time plan p92 (marked MUAC assessments). muac_sam CI printed (0.3-2.3)."
Deyr 2013/14,FSNAU-Technical-Series-Report-Post-Deyr-2013-14-Nutrition-Analysis.pdf,39,Table 15: Summary of Key Nutrition Findings: Northwest Rural Livelihoods and change from Gu 2013,Hawd,Northwest,rural,17-25 Dec 2013,MUAC rapid,541,25,,,,,,,3.7,1.8,5.6,0.9,,,,,,,"MUAC-only representative survey; no WHZ, no mortality in table. Fieldwork from time plan p92 (marked MUAC assessments). muac_sam CI printed (0.1-1.7). 'Hawd' here is Northwest Hawd, distinct from Central Hawd Pastoral."
Deyr 2013/14,FSNAU-Technical-Series-Report-Post-Deyr-2013-14-Nutrition-Analysis.pdf,39,Table 15: Summary of Key Nutrition Findings: Northwest Rural Livelihoods and change from Gu 2013,Agro-pastoral,Northwest,rural,17-25 Dec 2013,MUAC rapid,546,25,,,,,,,2.4,0.6,4.1,0.2,,,,,,,"MUAC-only representative survey; no WHZ, no mortality in table. Fieldwork from time plan p92 (marked MUAC assessments). muac_sam CI printed (0.0-0.6)."
Deyr 2013/14,FSNAU-Technical-Series-Report-Post-Deyr-2013-14-Nutrition-Analysis.pdf,39,Table 15: Summary of Key Nutrition Findings: Northwest Rural Livelihoods and change from Gu 2013,East Golis,Northwest,rural,17-25 Dec 2013,MUAC rapid,550,25,,,,,,,2.2,0.5,3.9,0.5,,,,,,,"MUAC-only representative survey; no WHZ, no mortality in table. Fieldwork from time plan p92 (marked MUAC assessments). muac_sam CI printed (0.0-1.2). 'East Golis' here is Northwest, distinct from Northeast East Golis (Table 21)."
Deyr 2013/14,FSNAU-Technical-Series-Report-Post-Deyr-2013-14-Nutrition-Analysis.pdf,45,Table 19: Summary of Nutrition Assesment results in IDP Centers of Northeast,Bossaso IDPs,Northeast,IDP,23 Nov-7 Dec 2013,SMART,667,30,13.5,11.2,16.2,2.8,1.8,4.5,8.1,5.0,11.1,2.0,0.13,0.05,0.35,0.29,0.07,1.16,"Region 'Northeast' from table caption. Header N=667 (boys 324, girls 343); row 'total children assessed' = 884 (population surveyed, not the WHZ sample). Fieldwork from time plan p92. muac_sam CI printed (1.0-4.0). CDR CI printed '(0.05 - .35)'."
Deyr 2013/14,FSNAU-Technical-Series-Report-Post-Deyr-2013-14-Nutrition-Analysis.pdf,45,Table 19: Summary of Nutrition Assesment results in IDP Centers of Northeast,Qardho IDPs,Northeast,IDP,23 Nov-7 Dec 2013,SMART,453,,18.5,,,4.9,,,12.9,,,3.9,0.36,,,0.87,,,"No CIs printed for any indicator in the Qardho column; cluster number blank in header. Header N=453 (boys 234, girls 219); 'total children assessed' = 740. Death rates printed as '0.36/10,000/day' and '0.87 /10,000/day' without CI. Fieldwork from time plan p92."
Deyr 2013/14,FSNAU-Technical-Series-Report-Post-Deyr-2013-14-Nutrition-Analysis.pdf,45,Table 19: Summary of Nutrition Assesment results in IDP Centers of Northeast,Garowe IDPs,Northeast,IDP,23 Nov-7 Dec 2013,SMART,671,27,15.8,13.1,18.9,4.1,2.5,6.6,11.5,8.9,14.7,2.9,0.23,0.09,0.56,0.28,0.07,1.18,Header N=671 (353 boys; 318 girls); 'total children assessed' = 682. muac_sam CI printed (2.1-4.1). Fieldwork from time plan p92.
Deyr 2013/14,FSNAU-Technical-Series-Report-Post-Deyr-2013-14-Nutrition-Analysis.pdf,45,Table 19: Summary of Nutrition Assesment results in IDP Centers of Northeast,Galkayo IDPs,Northeast,IDP,23 Nov-7 Dec 2013,SMART,822,28,15.0,12.5,17.8,2.9,1.8,4.7,7.5,4.7,11.8,2.9,0.29,0.14,0.61,0.41,0.15,1.10,"Header N=822 (410 boys, 412 girls). muac_sam CI printed (1.7-4.8). Fieldwork from time plan p92."
Deyr 2013/14,FSNAU-Technical-Series-Report-Post-Deyr-2013-14-Nutrition-Analysis.pdf,49,"Table 21: Summary of Key Nutrition Findings Northaest Rural Livelihoods: Nugal Valley, Sool Plateau and East Golis",East Golis,Northeast,rural,Dec 2013-Jan 2014,SMART,716,28,10.5,8.2,13.4,2.1,1.3,3.3,2.6,1.7,3.9,0.7,0.33,0.15,0.74,0.85,0.35,2.09,Northeast East Golis (annex 6.7 'E Golis (NE)'). Mortality on p50 of the PDF. Fieldwork window from time plan p92. muac_sam CI printed (0.3-1.6).
Deyr 2013/14,FSNAU-Technical-Series-Report-Post-Deyr-2013-14-Nutrition-Analysis.pdf,47,"Table 20: Summary of Key Nutrition Findings Hawd, Addun and Coastal Deeh",Coastal Deeh,,rural,Dec 2013-Jan 2014,SMART,733,,11.8,9.0,25.4,1.2,0.7,2.2,3.8,2.4,6.0,0.9,0.04,0.01,0.32,0.29,0.04,2.26,Table 20 has no region in caption; annex 6.7/6.8 label it 'Coastal Deeh NE'. GAM CI upper bound printed 25.4 (likely typo; point estimate 11.8; kept as printed). Mortality on p48. Cluster number not given. Fieldwork window from time plan p92. muac_sam CI printed (0.4-2.5).
Deyr 2013/14,FSNAU-Technical-Series-Report-Post-Deyr-2013-14-Nutrition-Analysis.pdf,54,Table 24: Summary of Key Nutrition Findings : Central Region Rural Livelihoods,Hawd Pastoral,Central,rural,Dec 2013-Jan 2014,SMART,639,28,13.2,10.0,17.2,2.4,1.4,4.1,7.1,4.7,10.4,0.9,0.26,0.13,0.50,0.33,0.8,1.31,Same survey also in Table 20 (p47; identical) - recorded once from Table 24 (Central region table). Mortality on p56. U5DR CI printed '(0.8 - 1.31)' (likely 0.08; lower bound kept as printed). Cluster count '28' printed above table. muac_sam CI printed (0.4-2.0).
Deyr 2013/14,FSNAU-Technical-Series-Report-Post-Deyr-2013-14-Nutrition-Analysis.pdf,54,Table 24: Summary of Key Nutrition Findings : Central Region Rural Livelihoods,Addun Pastoral,Central,rural,Dec 2013-Jan 2014,SMART,640,28,8.9,6.4,12.4,1.6,0.9,2.8,6.7,4.4,9.8,0.9,0.25,0.12,0.52,0.94,0.37,2.36,Same survey also in Table 20 (p47; identical) - recorded once from Table 24. Mortality on p56. Cluster count '28' printed above table (Hawd/Addun). muac_sam CI printed (0.4-2.2).
Deyr 2013/14,FSNAU-Technical-Series-Report-Post-Deyr-2013-14-Nutrition-Analysis.pdf,54,Table 24: Summary of Key Nutrition Findings : Central Region Rural Livelihoods,Dhusamareb/Guricel,Central,IDP,23 Nov-7 Dec 2013,SMART,331,,16.0,,,4.2,,,13.3,,,2.7,0.08,,,0.0,,,"Clusters 'Exhaustive'. No CIs printed (values as percentages without CI); header N=331 (168 boys, 163 girls). Death rates on p56 (CDR 0.08 n=1; U5DR 0.0 n=0), no CI. Annex 6.7 calls it 'Dhusamareb IDP's'. Fieldwork from time plan p92 (Dusamareb IDPs)."
Deyr 2013/14,FSNAU-Technical-Series-Report-Post-Deyr-2013-14-Nutrition-Analysis.pdf,57,Table 25: Summary of Key Nutrition Findings: Coastal Deeh and Cowpea Livelihoods of Central Region,Coastal Deeh,Central,rural,Dec 2013-Jan 2014,MUAC rapid,732,25,,,,,,,7.8,5.9,10.2,1.5,,,,,,,"MUAC-only representative survey (assessed this way because of access constraints, p58 text). No WHZ or mortality in table. muac_sam CI printed (0.9-2.6). Distinct from Northeast Coastal Deeh SMART (Table 20). Fieldwork window from time plan p92."
Deyr 2013/14,FSNAU-Technical-Series-Report-Post-Deyr-2013-14-Nutrition-Analysis.pdf,57,Table 25: Summary of Key Nutrition Findings: Coastal Deeh and Cowpea Livelihoods of Central Region,Cowpea,Central,rural,Dec 2013-Jan 2014,MUAC rapid,860,25,,,,,,,6.5,4.4,8.0,1.2,,,,,,,MUAC-only representative survey. Header printed N=860 Boys=433; Girls=525 (sums to 958; as printed). No WHZ or mortality. muac_sam CI printed (0.6-1.9). Fieldwork window from time plan p92.
Deyr 2013/14,FSNAU-Technical-Series-Report-Post-Deyr-2013-14-Nutrition-Analysis.pdf,62,Table 29: Summary of Key Nutrition Findings Gedo Region and change from Gu 2013,GEDO AGROPASTORAL,Gedo,rural,19 Dec 2013-6 Jan 2014,SMART,535,,12.1,8.7,16.7,1.9,1.0,3.4,1.5,0.7,3.1,0.4,0.9,0.21,4.25,1.89,0.1,2.35,Annex 6.7 labels this 'North Gedo Agro-pastoral'. Mortality on p63; U5DR printed 1.89 (0.1-2.35) with point estimate above upper bound (as printed). muac_sam CI printed (0.1-1.6). Fieldwork from time plan p92 (North Gedo).
Deyr 2013/14,FSNAU-Technical-Series-Report-Post-Deyr-2013-14-Nutrition-Analysis.pdf,62,Table 29: Summary of Key Nutrition Findings Gedo Region and change from Gu 2013,GEDO RIVERINE,Gedo,rural,19 Dec 2013-6 Jan 2014,SMART,750,,13.6,10.7,17.1,2.5,1.6,3.9,3.3,2.1,5.3,0.9,0.79,0.45,1.39,1.18,0.22,2.53,Annex 6.7 labels this 'North Gedo Riverine'. Mortality on p63. muac_sam CI printed (0.3-2.5). Fieldwork from time plan p92.
Deyr 2013/14,FSNAU-Technical-Series-Report-Post-Deyr-2013-14-Nutrition-Analysis.pdf,62,Table 29: Summary of Key Nutrition Findings Gedo Region and change from Gu 2013,GEDO PASTORAL,Gedo,rural,19 Dec 2013-6 Jan 2014,SMART,660,,14.1,11.6,17.0,1.4,0.7,2.5,5.6,3.7,8.3,1.1,0.76,0.40,1.51,1.29,0.73,2.79,Annex 6.7 labels this 'North Gedo Pastoral'. Mortality on p63. muac_sam CI printed (0.5-2.2). Fieldwork from time plan p92.
Deyr 2013/14,FSNAU-Technical-Series-Report-Post-Deyr-2013-14-Nutrition-Analysis.pdf,63,Table 30: Summary of Key Nutrition Findings Dolow IDP,Dolow IDP,Gedo,IDP,19 Dec 2013-6 Jan 2014,SMART,517,,19.7,16.5,23.4,4.8,3.2,7.0,10.4,8.1,13.3,3.4,0.77,,,1.29,,,"Death rates on p64, printed without CI. Cluster number not given. muac_sam CI printed (2.2-5.3). Fieldwork from time plan p92 (Dolo IDPs)."
Deyr 2013/14,FSNAU-Technical-Series-Report-Post-Deyr-2013-14-Nutrition-Analysis.pdf,59,Table 27: Nutrition Situation and mortality in different  Livelihoods of Gedo region,South Gedo Pastoral,Gedo,rural,,MUAC rapid,,,,,,,,,16.6,,,2.0,,,,,,,"MUAC rapid survey (access constraints; p58). Point estimates only (MUAC<12.5 and <11.5, matching Annex 6.8 p100); no CI, N, cluster count or mortality printed. Fieldwork date not given for this survey."
Deyr 2013/14,FSNAU-Technical-Series-Report-Post-Deyr-2013-14-Nutrition-Analysis.pdf,59,Table 27: Nutrition Situation and mortality in different  Livelihoods of Gedo region,South Gedo Agro-pastoral,Gedo,rural,,MUAC rapid,,,,,,,,,17.1,,,3.8,,,,,,,"MUAC rapid survey (access constraints; p58). Point estimates only (MUAC<12.5 and <11.5, matching Annex 6.8 p100); no CI, N, cluster count or mortality printed. Fieldwork date not given for this survey."
Deyr 2013/14,FSNAU-Technical-Series-Report-Post-Deyr-2013-14-Nutrition-Analysis.pdf,59,Table 27: Nutrition Situation and mortality in different  Livelihoods of Gedo region,South Gedo Riverine,Gedo,rural,,MUAC rapid,,,,,,,,,17.8,,,3.4,,,,,,,"MUAC rapid survey (access constraints; p58). Point estimates only (MUAC<12.5 and <11.5, matching Annex 6.8 p100); no CI, N, cluster count or mortality printed. Fieldwork date not given for this survey. Table 27 prints Riverine SAM as '3.`4' (typo); Annex 6.8 gives 3.4."
Deyr 2013/14,FSNAU-Technical-Series-Report-Post-Deyr-2013-14-Nutrition-Analysis.pdf,68,Table 34: Summary of Key Nutrition Findings: Juba IDPs,Dhobley IDPs,Juba,IDP,23 Nov-7 Dec 2013,SMART,809,,15.8,13.5,18.5,4.1,2.9,5.7,11.2,9.2,13.5,9.8,0.41,,,0.44,,,"Table printed 'Dhobley'; annex calls it Dobley. muac_sam 9.8 (7.9-11.9) as printed on p69 - Annex 6.8 gives 1.5 for MUAC<11.5, so possible printing error in Table 34. Mortality on p69 without CI. Cluster number not given. Header N=809 (Boys=419; Girls=390). Fieldwork from time plan p92 (Dobley IDPs)."
Deyr 2013/14,FSNAU-Technical-Series-Report-Post-Deyr-2013-14-Nutrition-Analysis.pdf,68,Table 34: Summary of Key Nutrition Findings: Juba IDPs,Kismayo IDPs,Juba,IDP,23 Nov-7 Dec 2013,SMART,650,,16.2,13.5,19.2,3.4,2.2,5.1,12.8,10.5,15.6,2.4,1.36,,,1.40,,,Header N=650 with Boys=381 Girls=332 (sums to 713; as printed). MUAC<12.5 here 12.8 vs 12.0 in Annex 6.8. Mortality on p69 without CI. muac_sam CI printed (1.5-3.9). Fieldwork from time plan p92.
Deyr 2013/14,FSNAU-Technical-Series-Report-Post-Deyr-2013-14-Nutrition-Analysis.pdf,66,Table 32: Nutrition Situation and mortality in different  Livelihoods of Juba region,Juba Pastoral,Juba,rural,,MUAC rapid,,,,,,,,,7.8,,,1.8,,,,,,,"MUAC rapid survey (access constraints). Point estimates only; no CI, N, cluster count or mortality printed. Table 32 gives MUAC<11.5 (SAM column) as 1.8; Annex 6.8 (p100) gives 1.1 for MUAC<11.5. Fieldwork date not given. Table is labelled 'Juba Pastoral MUAC' on the page."
Deyr 2013/14,FSNAU-Technical-Series-Report-Post-Deyr-2013-14-Nutrition-Analysis.pdf,66,Table 32: Nutrition Situation and mortality in different  Livelihoods of Juba region,Juba Agropastoral,Juba,rural,,MUAC rapid,,,,,,,,,10.7,,,2.1,,,,,,,"MUAC rapid survey (access constraints). Point estimates only; no CI, N, cluster count or mortality printed. Table 32 gives MUAC<11.5 (SAM column) as 2.1; Annex 6.8 (p100) gives 1.1 for MUAC<11.5. Fieldwork date not given. Table is labelled 'Juba Agropastoral MUAC' on the page."
Deyr 2013/14,FSNAU-Technical-Series-Report-Post-Deyr-2013-14-Nutrition-Analysis.pdf,66,Table 32: Nutrition Situation and mortality in different  Livelihoods of Juba region,Juba Riverine,Juba,rural,,MUAC rapid,,,,,,,,,15.4,,,4.3,,,,,,,"MUAC rapid survey (access constraints). Point estimates only; no CI, N, cluster count or mortality printed. Table 32 gives MUAC<11.5 (SAM column) as 4.3; Annex 6.8 (p100) gives 1.9 for MUAC<11.5. Fieldwork date not given. Table is labelled 'Juba Riverine MUAC' on the page."
Deyr 2013/14,FSNAU-Technical-Series-Report-Post-Deyr-2013-14-Nutrition-Analysis.pdf,74,Table 36: Summary of Key Nutrition Findings: Mogadishu IDPs of Shabelle,Mogadishu IDPs,Shabelle,IDP,23 Nov-7 Dec 2013,SMART,500,40,8.2,5.9,11.3,1.6,0.8,3.2,9.2,6.5,12.9,2.9,0.6,0.3,1.3,0.5,0.2,1.5,Region per caption ('of Shabelle'; Banadir per annex). Fieldwork from time plan p92. muac_sam CI printed (1.6-5.5).
Deyr 2013/14,FSNAU-Technical-Series-Report-Post-Deyr-2013-14-Nutrition-Analysis.pdf,76,Table 37: Summary of Key Nutrition Findings Middle Shebelle's Livelihoods,Agro-pastoral,Middle Shabelle,rural,,MUAC rapid,786,25,,,,,,,8.0,5.9,10.8,1.9,0.50,0.33,0.77,1.59,0.85,2.97,MUAC-only representative survey (text p73: livelihoods assessed through representative MUAC surveys). Annex 6.8 'middle Shabelle agroPastoral'. muac_sam CI printed (1.1-3.4). Fieldwork date not given.
Deyr 2013/14,FSNAU-Technical-Series-Report-Post-Deyr-2013-14-Nutrition-Analysis.pdf,76,Table 37: Summary of Key Nutrition Findings Middle Shebelle's Livelihoods,Riverine,Middle Shabelle,rural,,MUAC rapid,686,25,,,,,,,9.5,7.3,12.2,3.1,1.01,0.68,1.49,1.87,1.05,3.29,MUAC-only representative survey. Annex 6.8 'Middle Shabelle Riverine'. muac_sam CI printed (1.8-5.3). Fieldwork date not given.
Deyr 2013/14,FSNAU-Technical-Series-Report-Post-Deyr-2013-14-Nutrition-Analysis.pdf,78,Table 40: Summary of Key Nutrition Findings in  Hiran Region,Beletweyn,Hiran,rural,19 Dec 2013-6 Jan 2014,SMART,825,,16.4,12.4,21.3,3.6,2.4,5.4,12.0,9.0,15.8,2.6,1.7,1.2,2.2,2.7,1.1,6.5,Header N=825 (Boys=366; Girls=459 as printed). MUAC and mortality on p79. Cluster number not given. muac_sam CI printed (1.4-5.0). Fieldwork from time plan p92 (Beletwayne).
Deyr 2013/14,FSNAU-Technical-Series-Report-Post-Deyr-2013-14-Nutrition-Analysis.pdf,78,Table 40: Summary of Key Nutrition Findings in  Hiran Region,Mataban,Hiran,rural,19 Dec 2013-6 Jan 2014,SMART,671,,12.6,9.6,16.4,2.9,1.6,5.2,3.8,2.5,5.7,0.5,0.24,0.1,0.6,0.49,0.2,1.5,Header N=671 (Boys=344; Girls=327). MUAC and mortality on p79. Cluster number not given. muac_sam CI printed (0.1-1.5). Fieldwork from time plan p92.
Deyr 2013/14,FSNAU-Technical-Series-Report-Post-Deyr-2013-14-Nutrition-Analysis.pdf,86,Table 43: Summary of Key Nutrition Findings: Bay Bakool,Baidoa IDPs,Bay Bakool,IDP,23 Nov-7 Dec 2013,SMART,559,30,14.3,10.8,18.8,2.5,1.4,4.5,12.7,9.0,17.6,4.0,0.43,0.23,0.81,0.97,0.42,2.18,Fieldwork from time plan p92. muac_sam CI printed (1.9-8.4).
Deyr 2013/14,FSNAU-Technical-Series-Report-Post-Deyr-2013-14-Nutrition-Analysis.pdf,86,Table 43: Summary of Key Nutrition Findings: Bay Bakool,Bay Agro Pastoral,Bay Bakool,rural,23 Nov-7 Dec 2013,SMART,905,32,19.6,14.6,25.7,5.1,3.6,7.2,12.5,9.9,15.7,2.2,0.20,0.09,0.41,0.57,0.23,1.42,U5DR CI printed '(0.23-1.42' missing closing bracket. Fieldwork from time plan p92 ('Bay Agropastorals'). muac_sam CI printed (1.3-3.6). Annex 6.7 lists Bay Agropastorals GAM 19.6.
Deyr 2013/14,FSNAU-Technical-Series-Report-Post-Deyr-2013-14-Nutrition-Analysis.pdf,86,Table 43: Summary of Key Nutrition Findings: Bay Bakool,Bakool pastoral,Bay Bakool,rural,19 Dec 2013-6 Jan 2014,SMART,622,35,18.5,15.3,22.1,2.6,1.7,4.0,10.1,7.6,13.2,1.9,0.17,0.08,.037,0.65,0.24,1.74,CDR CI printed '(0.08-.037)' (upper bound below lower; as printed). Fieldwork from time plan p92. muac_sam CI printed (1.1-3.4).
