season,file,page,table,population_group,region,population_type,fieldwork,method,n_children,n_clusters,gam,gam_lo,gam_hi,sam,sam_lo,sam_hi,muac_gam,muac_gam_lo,muac_gam_hi,muac_sam,cdr,cdr_lo,cdr_hi,u5dr,u5dr_lo,u5dr_hi,notes
Deyr 2010/11,Technical-Series-Report-Post-Deyr-10-11-Nutrition-Analysis.pdf,22,Table 5: Summary of Key Nutrition Findings in Gedo Region,Pastoral,Gedo,rural,Dec 2010,SMART,730,,26.4,22.2,31.1,4.4,3.0,6.3,10.8,7.3,15.8,1.6,0.44,0.23,0.84,1.27,0.53,3.04,Annex Table 24 (p66) lists this survey as 'Gedo Pastoral'; same values. muac_sam printed 1.6(0.9-3.0)
Deyr 2010/11,Technical-Series-Report-Post-Deyr-10-11-Nutrition-Analysis.pdf,22,Table 5: Summary of Key Nutrition Findings in Gedo Region,Agro-pastoral,Gedo,rural,Dec 2010,SMART,629,,25.3,21.5,29.5,6.5,4.6,9.2,16.1,11.9,21.3,1.6,0.34,0.16,0.75,0.88,0.36,2.02,Annex Table 24 (p66) 'Gedo Agro pastoral' gives U5DR 0.85 (0.36-2.02) vs 0.88 in region table
Deyr 2010/11,Technical-Series-Report-Post-Deyr-10-11-Nutrition-Analysis.pdf,22,Table 5: Summary of Key Nutrition Findings in Gedo Region,Riverine,Gedo,rural,Dec 2010,SMART,617,,26.7,21.5,32.8,6.0,4.1,8.6,18.2,12.9,23.5,3.2,0.22,0.11,0.46,1.69,0.78,3.61,Annex Table 24 (p66) 'Gedo Riverine'; same values. CDR upper CI printed '0.460'
Deyr 2010/11,Technical-Series-Report-Post-Deyr-10-11-Nutrition-Analysis.pdf,26,Table 6: Summary of Key Nutrition Findings in Middle and Lower Juba Regions,Pastoral,Middle and Lower Juba,rural,Dec 2010,SMART,779,,30.7,26.1,35.7,7.8,5.8,10.5,12.2,9.7,15.2,1.5,,,,,,,"Annex Table 24 (p66) 'Juba Pastoral'; mortality N/A in annex, none in region table"
Deyr 2010/11,Technical-Series-Report-Post-Deyr-10-11-Nutrition-Analysis.pdf,26,Table 6: Summary of Key Nutrition Findings in Middle and Lower Juba Regions,Agro-pastoral,Middle and Lower Juba,rural,Dec 2010,SMART,850,,26.1,21.9,30.9,6.2,4.6,8.3,12.8,10.5,15.6,0.5,,,,,,,"Annex Table 24 (p66) 'Juba Agropastoral'; mortality N/A in annex, none in region table"
Deyr 2010/11,Technical-Series-Report-Post-Deyr-10-11-Nutrition-Analysis.pdf,26,Table 6: Summary of Key Nutrition Findings in Middle and Lower Juba Regions,Riverine,Middle and Lower Juba,rural,Dec 2010,SMART,785,,29.7,24.5,35.4,6.4,4.6,8.8,21.3,17.2,26.0,3.6,,,,,,,"Annex Table 24 (p66) 'Juba Riverine'; mortality N/A in annex, none in region table"
Deyr 2010/11,Technical-Series-Report-Post-Deyr-10-11-Nutrition-Analysis.pdf,36,Table 10. Summary of Key Nutrition Findings in Afgoye IDPs and Banadir Region,Afgoye IDPs,,IDP,Nov 2010,SMART,682,,21.6,18.2,25.3,3.2,2.2,4.6,16.9,12.4,22.5,2.3,0.62,0.26,1.46,1.44,1.03,2.00,"Region not stated in table caption (Afgoye corridor). Annex 'Shabelle IDP (Afgoye)' p66. muac_sam printed 2.3 (1.1-4.7). Partner survey incl. FSNAU, UNICEF, COSV, Mercy USA, Intersos, SRCS, Zamzam, Muslim Aid UK"
Deyr 2010/11,Technical-Series-Report-Post-Deyr-10-11-Nutrition-Analysis.pdf,42,Table 12: Summary of Key Nutrition Findings in Hawd and Addun Livelihood zones of Central and Northeast Regions,Hawd,Central and Northeast,rural,Nov 2010,SMART,593,,13.0,10.4,16.2,2.9,1.8,4.7,3.7,2.5,5.4,1.7,0.30,0.14,0.62,0.63,0.21,1.92,Annex Table 24 (p66) 'Hawd Pastoral'. muac_sam printed 1.7 (0.8-3.3)
Deyr 2010/11,Technical-Series-Report-Post-Deyr-10-11-Nutrition-Analysis.pdf,42,Table 12: Summary of Key Nutrition Findings in Hawd and Addun Livelihood zones of Central and Northeast Regions,Adduun,Central and Northeast,rural,Nov 2010,SMART,591,,11.0,7.7,15.5,2.5,1.3,5.1,2.8,0.2,5.4,0.6,0.71,0.41,1.20,1.91,0.93,3.87,"Region table header N=591 but annex Table 24 (p66) 'Addun Pastoral' gives sample size 667; GAM/SAM/CDR/U5DR same in annex. muac_sam printed 0.6 (0.0-1.3). Name printed 'Adduun' in column header, 'Addun' in title"
Deyr 2010/11,Technical-Series-Report-Post-Deyr-10-11-Nutrition-Analysis.pdf,66,Table 24: Summary of Nutrition Assessments (Nov-Dec 2010),Galgadud,Galgadud,,Nov 2010,SMART,674,,12.6,10.0,15.9,1.5,0.8,2.9,,,,,0.47,0.24,0.89,1.95,1.04,3.64,"Annex-only: listed as '18. Galgadud (Large sample cluster survey)'; no region table found for it (could be the Coastal Deeh/Galgadud survey; livelihood not stated). Participating agencies FSNAU, UNICEF, SRCS MOH. Population type not stated"
Deyr 2010/11,Technical-Series-Report-Post-Deyr-10-11-Nutrition-Analysis.pdf,47,Table 14: Summary of Key Nutrition Findings in Northeast Regions,Coastal Deeh,Northeast,rural,Nov 2010,SMART,670,,12.5,10.5,14.9,2.8,1.7,4.6,5.5,4.0,7.5,1.9,0.38,0.20,0.70,1.01,0.51,2.0,"CDR CI printed '(0.20-.070)' in Table 14 (typo, 0.70 in annex Table 24 p66); annex name 'Coastal Deeh'. muac_sam printed 1.9 (1.2-3.1)"
Deyr 2010/11,Technical-Series-Report-Post-Deyr-10-11-Nutrition-Analysis.pdf,56,"Table 18: Summary of Key Nutrition Findings in Sool Plateau, East Golis/Gebbi Valley and West Golis/Guban Livelihood Zones",East Golis/Gebbi Valley,,rural,Nov 2010,SMART,659,,11.1,8.0,15.1,2.1,1.2,3.9,5.8,3.8,8.6,0.3,0.13,0.05,0.42,0.30,0.51,2.99,"Same survey also in Table 14 p47 as 'The Golis/Karakaar Livelihood Zone' (N=659), identical values. Annex Table 24 p66 'East Golis/Gebi Karkar': CDR CI 0.05-0.33, U5DR CI 0.07-1.20 (differs). U5DR CI printed '0.51-2.99' (lower bound above estimate, apparent typo). Text p55 says survey period not stated; annex Nov '10. muac_sam printed 0.3 (0.0-2.4)"
Deyr 2010/11,Technical-Series-Report-Post-Deyr-10-11-Nutrition-Analysis.pdf,56,"Table 18: Summary of Key Nutrition Findings in Sool Plateau, East Golis/Gebbi Valley and West Golis/Guban Livelihood Zones",West Golis/Guban,,rural,Nov 2010,SMART,628,,10.4,7.6,13.9,1.6,0.9,2.9,4.1,2.4,7.2,0.5,0.82,0.56,1.18,0.90,0.36,2.26,Annex Table 24 p66 'Guban/West Golis' same. muac_sam printed 0.5 (0.2-1.5). Header N=628 in Table 18 title row
Deyr 2010/11,Technical-Series-Report-Post-Deyr-10-11-Nutrition-Analysis.pdf,56,"Table 18: Summary of Key Nutrition Findings in Sool Plateau, East Golis/Gebbi Valley and West Golis/Guban Livelihood Zones",Sool Plateau,,rural,Nov 2010,SMART,624,,8.3,6.0,11.4,1.6,0.8,3.1,2.9,1.7,5.0,1.3,0.45,0.25,0.80,1.1,0.49,2.47,"Annex Table 24 p66 gives U5DR 1.11; text p54 says survey conducted December 2010, annex/p61 say Nov 2010. muac_sam printed 1.3 (0.5-3.1)"
Deyr 2010/11,Technical-Series-Report-Post-Deyr-10-11-Nutrition-Analysis.pdf,57,Table 19: Summary of Key Nutrition Findings Hawd and Nugal Livelihood Zone,Hawd Livelihood Zone,,rural,Nov 2010,SMART,655,,10.1,8.0,12.7,1.8,1.0,3.5,3.1,1.9,4.8,0.3,0.30,0.14,0.62,0.63,0.21,1.92,Annex Table 24 p66 'Hawd Livelihood zone'. Different from central 'Hawd' (Table 12). muac_sam printed 0.3 (0.1-1.3)
Deyr 2010/11,Technical-Series-Report-Post-Deyr-10-11-Nutrition-Analysis.pdf,57,Table 19: Summary of Key Nutrition Findings Hawd and Nugal Livelihood Zone,Nugal Valley,,rural,Nov 2010,SMART,516,,10.3,7.0,14.8,1.0,0.4,2.3,4.2,2.5,6.0,1.2,0.53,0.32,0.92,0.61,0.20,1.87,"Also in Table 14 p47 (Nugal Valley Livelihood Zone, N=516) with identical values. muac_sam printed 1.2 (0.3-2.0)"
Deyr 2010/11,Technical-Series-Report-Post-Deyr-10-11-Nutrition-Analysis.pdf,57,Table 19: Summary of Key Nutrition Findings Hawd and Nugal Livelihood Zone,Agro-pastoral Zone (Northwest Agro-pastoral),,rural,Dec 2010,SMART,520,,10.4,7.6,14.1,0.8,0.3,1.9,1.5,0.6,2.5,0.2,0.16,0.05,0.55,0.41,0.10,1.62,"Text p58: one survey covered both Togdheer and Awdal/Galbeed agro-pastoral zones, survey conducted December 2010; annex Table 24 p66 lists 'North West Agro pastoral' (Nov '10, N=520) and separately 'Togdheer Agro pastoral' (N=716). muac_sam printed 0.2 (0-1.0)"
Deyr 2010/11,Technical-Series-Report-Post-Deyr-10-11-Nutrition-Analysis.pdf,66,Table 24: Summary of Nutrition Assessments (Nov-Dec 2010),Togdheer Agro pastoral,Togdheer,rural,Nov 2010,SMART,716,,12.2,9.3,15.8,2.3,1.6,3.5,,,,,0.97,0.58,1.61,2.2,1.0,5.0,"Annex-only (no region table; region tables p57-58 present a single combined Agro-pastoral survey N=520 for Togdheer and Awdal/Galbeed, see text p58). Annex 'Togdheer Agro pastoral' row also shows NCHS values identical to the Sool Plateau row, apparent copy error"
Deyr 2010/11,Technical-Series-Report-Post-Deyr-10-11-Nutrition-Analysis.pdf,51,Table 16: Summary of Key Nutrition Findings in Northeast IDPs,Bosasso IDPs,,IDP,Nov 2010,SMART,749,,15.6,12.7,19.1,2.8,1.6,4.8,15.1,11.9,18.3,4.3,0.15,0.05,0.42,1.24,0.51,2.99,Annex 'Bossaso IDPs' p66. muac_sam printed 4.3 (2.6-6.0)
Deyr 2010/11,Technical-Series-Report-Post-Deyr-10-11-Nutrition-Analysis.pdf,51,Table 16: Summary of Key Nutrition Findings in Northeast IDPs,Garowe IDPs,,IDP,Nov 2010,SMART,761,,13.3,11.0,15.9,2.5,1.6,3.9,9.6,7.0,12.9,0.4,0.31,0.16,0.62,0.41,0.1,1.33,Annex p66 U5DR CI printed 0.13-1.33 (region table 0.1-1.33). muac_sam printed 0.4 (0.1-1.2)
Deyr 2010/11,Technical-Series-Report-Post-Deyr-10-11-Nutrition-Analysis.pdf,51,Table 16: Summary of Key Nutrition Findings in Northeast IDPs,Galkahyo IDPs,,IDP,Nov 2010,SMART,869,,16.3,13.2,20.0,2.9,1.8,4.5,5.1,3.5,7.3,0.0,1.0,0.52,1.93,1.5,0.65,3.95,Annex 'Galkayo IDPs' p66. muac_sam printed 0.0 (0.0-0.0)
Deyr 2010/11,Technical-Series-Report-Post-Deyr-10-11-Nutrition-Analysis.pdf,52,Table 16: Summary of Key Nutrition Findings in Qardho IDPs,Qardho IDPs,,IDP,Nov 2010,SMART,214,,10.6,,,2.7,,,14.0,9.5,20.3,0.9,,,,,,,"Small sample survey: GAM printed '>10.6 (Pr=0.90)' and SAM '>2.7 (Pr=0.90)' (probability-based lower bounds, no 95% CI; values recorded are the lower-bound figures). muac_sam printed 0.9 (0.2-3.8). No mortality (N/A in annex p66)"
Deyr 2010/11,Technical-Series-Report-Post-Deyr-10-11-Nutrition-Analysis.pdf,60,"Table 20: Summary of Key Nutrition Findings for the Hargeisa, Burao and Berbera IDPs",Hargeisa IDPs,,IDP,Nov 2010,SMART,651,,10.8,8.9,13.0,1.5,0.8,2.8,4.6,2.9,7.3,1.5,0.36,0.21,0.62,0.95,0.44,2.04,. muac_sam printed 1.5 (0.7-3.6)
Deyr 2010/11,Technical-Series-Report-Post-Deyr-10-11-Nutrition-Analysis.pdf,60,"Table 20: Summary of Key Nutrition Findings for the Hargeisa, Burao and Berbera IDPs",Burao IDPs,,IDP,Nov 2010,SMART,652,,12.1,8.8,15.4,1.7,0.8,3.4,4.4,2.9,6.0,0.8,0.47,0.29,0.75,1.36,0.68,2.69,
Deyr 2010/11,Technical-Series-Report-Post-Deyr-10-11-Nutrition-Analysis.pdf,60,"Table 20: Summary of Key Nutrition Findings for the Hargeisa, Burao and Berbera IDPs",Berbera IDPs,,IDP,Nov 2010,SMART,542,,14.2,10.9,18.3,2.2,1.2,4.1,9.2,5.1,13.3,3.3,0.12,0.05,0.33,0.33,0.08,1.35,
Deyr 2010/11,Technical-Series-Report-Post-Deyr-10-11-Nutrition-Analysis.pdf,36,Table 10. Summary of Key Nutrition Findings in Afgoye IDPs and Banadir Region,Mogadishu (Banadir),Banadir,urban,Dec 2010,MUAC rapid,1320,,,,,,,,29.2,,,12.0,,,,,,,"Region table prints '> 15% (29.2%; R3)' and '> 3% (12.0%; R3)'; R3 = low reliability. Annex Table 25 p67 'Mogadishu' 29.2 / 12.0, N=1320 (six district sites per text p36). Oedema 0.9 (0.0-1.9)"
Deyr 2010/11,Technical-Series-Report-Post-Deyr-10-11-Nutrition-Analysis.pdf,35,Table 8. Summary of Key Nutrition Findings in Middle Shabelle Region,Middle Shabelle Agro-pastoral,Middle Shabelle,rural,Dec 2010,MUAC rapid,1650,,,,,,,,25.0,,,7.1,,,,,,,"Printed '> 10% (25.0%; R3)', '> 3% (7.1%; R3)'; 15 sites. Annex Table 25 p67 lists 'Shabelle Agro pastoral' under Lower Shabelle heading with same 25.0 / 7.1, N=1650 (region label in annex differs). Poor tallying (R3)"
Deyr 2010/11,Technical-Series-Report-Post-Deyr-10-11-Nutrition-Analysis.pdf,35,Table 8. Summary of Key Nutrition Findings in Middle Shabelle Region,Middle Shabelle Riverine,Middle Shabelle,rural,Dec 2010,MUAC rapid,1650,,,,,,,,23.0,,,7.4,,,,,,,"Printed '> 10% (23.0%; R3)', '> 3% (7.4%; R3)'; 15 sites. Annex Table 25 p67 lists 'Shabelle Riverine' under Lower Shabelle heading with same values, N=1650. Poor tallying (R3)"
Deyr 2010/11,Technical-Series-Report-Post-Deyr-10-11-Nutrition-Analysis.pdf,35,Table 9. Summary of Key Nutrition Findings in Lower Shabelle Region,Lower Shabelle Agro-pastoral,Lower Shabelle,rural,Dec 2010,MUAC rapid,1100,,,,,,,,23.4,,,7.4,,,,,,,"Printed '> 10% (23.4%; R3)', '> 3% (7.4%; R3)'; 10 sites, N=1100 (text p34). Not in annex Table 25. Poor tallying (R3)"
Deyr 2010/11,Technical-Series-Report-Post-Deyr-10-11-Nutrition-Analysis.pdf,35,Table 9. Summary of Key Nutrition Findings in Lower Shabelle Region,Lower Shabelle Riverine,Lower Shabelle,rural,Dec 2010,MUAC rapid,1100,,,,,,,,27.7,,,8.7,,,,,,,"Printed '> 10% (27.7%; R3)', '> 3% (8.7%; R3)'; 10 sites, N=1100 (text p34). Not in annex Table 25. Poor tallying (R3)"
Deyr 2010/11,Technical-Series-Report-Post-Deyr-10-11-Nutrition-Analysis.pdf,67,"Table 25: Summary Rapid Muac Assessments Results, Nov-Dec 2010",Kismayo IDP,,IDP,Dec 2010,MUAC rapid,1185,,,,,,,,12.4,,,0.7,,,,,,,No region table; annex only. Text p25 says 12.5% acute and 0.5% severe for Kismayo IDPs (differs from annex 12.4 / 0.7)
Deyr 2010/11,Technical-Series-Report-Post-Deyr-10-11-Nutrition-Analysis.pdf,38,Table 11. Summary of Key Nutrition Findings in Hiran Region,Hiran Pastoral,Hiran,rural,Dec 2010,MUAC rapid,1100,,,,,,,,14.7,,,2.5,,,,,,,No survey possible due to security; rapid MUAC in 10 villages (text p38). N from annex Table 25 p67
Deyr 2010/11,Technical-Series-Report-Post-Deyr-10-11-Nutrition-Analysis.pdf,38,Table 11. Summary of Key Nutrition Findings in Hiran Region,Hiran Agro-pastoral,Hiran,rural,Dec 2010,MUAC rapid,1100,,,,,,,,17.1,,,2.9,,,,,,,No survey possible due to security; rapid MUAC in 10 villages (text p38). N from annex Table 25 p67
Deyr 2010/11,Technical-Series-Report-Post-Deyr-10-11-Nutrition-Analysis.pdf,38,Table 11. Summary of Key Nutrition Findings in Hiran Region,Hiran Riverine,Hiran,rural,Dec 2010,MUAC rapid,1100,,,,,,,,17.7,,,3.5,,,,,,,No survey possible due to security; rapid MUAC in 10 villages (text p38). N from annex Table 25 p67
Deyr 2010/11,Technical-Series-Report-Post-Deyr-10-11-Nutrition-Analysis.pdf,30,Table 7: Summary of Key Nutrition Findings in Bay and Bakool Regions,Bay Agropastoral,Bay,rural,Dec 2010,MUAC rapid,1769,,,,,,,,18.4,,,4.4,,,,,,,N from Table 7 header and annex Table 25 p67. Oedema 0
Deyr 2010/11,Technical-Series-Report-Post-Deyr-10-11-Nutrition-Analysis.pdf,30,Table 7: Summary of Key Nutrition Findings in Bay and Bakool Regions,Bakool Agropastoral,Bakool,rural,Dec 2010,MUAC rapid,1100,,,,,,,,16.7,,,3.6,,,,,,,11 villages (text p28). Oedema 0. N from header/annex Table 25 p67
Deyr 2010/11,Technical-Series-Report-Post-Deyr-10-11-Nutrition-Analysis.pdf,30,Table 7: Summary of Key Nutrition Findings in Bay and Bakool Regions,Bakool Pastoral,Bakool,rural,Dec 2010,MUAC rapid,1100,,,,,,,,23.5,,,3.4,,,,,,,Oedema 0. N from header/annex Table 25 p67
Deyr 2010/11,Technical-Series-Report-Post-Deyr-10-11-Nutrition-Analysis.pdf,43,Table 13: Summary of Key Nutrition Findings in H Cowpea Belt Agro-pastoral and Coastal Deeh Livelihood zones of Central Region,Cowpea Belt Agro-pastoral (Central),Central,rural,Dec 2010,MUAC rapid,467,,,,,,,,14.3,,,3.0,,,,,,,Table 13 header says N=550; text p43 and annex Table 25 p67 ('Cow pea belt central') say 467 children from 7 sites; 467 recorded
Deyr 2010/11,Technical-Series-Report-Post-Deyr-10-11-Nutrition-Analysis.pdf,43,Table 13: Summary of Key Nutrition Findings in H Cowpea Belt Agro-pastoral and Coastal Deeh Livelihood zones of Central Region,Coastal Deeh (Central),Central,rural,Dec 2010,MUAC rapid,,,,,,,,,12.3,,,3.0,,,,,,,Table 13 header N=648; text p43 says 467 children from 7 sites for Coastal Deeh too (apparent duplicate); n left blank. Not in annex Table 25
Deyr 2010/11,Technical-Series-Report-Post-Deyr-10-11-Nutrition-Analysis.pdf,63,"Table 22: Summary of Key Findings, Rapid Urban Nutrition Assessments, Dec-Jan'10/11",Galcayo,N. East,urban,Dec 2010-Jan 2011,MUAC rapid,220,,,,,,,,3.6,,,,,,,,,,Rapid urban MUAC assessment (proportion of children MUAC<12.5 cm); MUAC SAM not given. N = children assessed as printed
Deyr 2010/11,Technical-Series-Report-Post-Deyr-10-11-Nutrition-Analysis.pdf,63,"Table 22: Summary of Key Findings, Rapid Urban Nutrition Assessments, Dec-Jan'10/11",Garowe,N. East,urban,Dec 2010-Jan 2011,MUAC rapid,220,,,,,,,,4.5,,,,,,,,,,Rapid urban MUAC assessment (proportion of children MUAC<12.5 cm); MUAC SAM not given. N = children assessed as printed
Deyr 2010/11,Technical-Series-Report-Post-Deyr-10-11-Nutrition-Analysis.pdf,63,"Table 22: Summary of Key Findings, Rapid Urban Nutrition Assessments, Dec-Jan'10/11",Bossaso,N. East,urban,Dec 2010-Jan 2011,MUAC rapid,220,,,,,,,,6.4,,,,,,,,,,"Rapid urban MUAC assessment (proportion of children MUAC<12.5 cm); MUAC SAM not given. N = children assessed as printed; value in faint cell, read from text layer"
Deyr 2010/11,Technical-Series-Report-Post-Deyr-10-11-Nutrition-Analysis.pdf,63,"Table 22: Summary of Key Findings, Rapid Urban Nutrition Assessments, Dec-Jan'10/11",Burao,N. West,urban,Dec 2010-Jan 2011,MUAC rapid,220,,,,,,,,10,,,,,,,,,,Rapid urban MUAC assessment (proportion of children MUAC<12.5 cm); MUAC SAM not given. N = children assessed as printed
Deyr 2010/11,Technical-Series-Report-Post-Deyr-10-11-Nutrition-Analysis.pdf,63,"Table 22: Summary of Key Findings, Rapid Urban Nutrition Assessments, Dec-Jan'10/11",Hargeisa,N. West,urban,Dec 2010-Jan 2011,MUAC rapid,220,,,,,,,,17.7,,,,,,,,,,Rapid urban MUAC assessment (proportion of children MUAC<12.5 cm); MUAC SAM not given. N = children assessed as printed
Deyr 2010/11,Technical-Series-Report-Post-Deyr-10-11-Nutrition-Analysis.pdf,63,"Table 22: Summary of Key Findings, Rapid Urban Nutrition Assessments, Dec-Jan'10/11",Togwajale,N. West,urban,Dec 2010-Jan 2011,MUAC rapid,220,,,,,,,,10.5,,,,,,,,,,Rapid urban MUAC assessment (proportion of children MUAC<12.5 cm); MUAC SAM not given. N = children assessed as printed
Deyr 2010/11,Technical-Series-Report-Post-Deyr-10-11-Nutrition-Analysis.pdf,63,"Table 22: Summary of Key Findings, Rapid Urban Nutrition Assessments, Dec-Jan'10/11",Erigavo,N. West,urban,Dec 2010-Jan 2011,MUAC rapid,220,,,,,,,,2.7,,,,,,,,,,Rapid urban MUAC assessment (proportion of children MUAC<12.5 cm); MUAC SAM not given. N = children assessed as printed
Deyr 2010/11,Technical-Series-Report-Post-Deyr-10-11-Nutrition-Analysis.pdf,63,"Table 22: Summary of Key Findings, Rapid Urban Nutrition Assessments, Dec-Jan'10/11",Boroma,N. West,urban,Dec 2010-Jan 2011,MUAC rapid,220,,,,,,,,8.6,,,,,,,,,,Rapid urban MUAC assessment (proportion of children MUAC<12.5 cm); MUAC SAM not given. N = children assessed as printed
Deyr 2010/11,Technical-Series-Report-Post-Deyr-10-11-Nutrition-Analysis.pdf,63,"Table 22: Summary of Key Findings, Rapid Urban Nutrition Assessments, Dec-Jan'10/11",Lasanod,N. West,urban,Dec 2010-Jan 2011,MUAC rapid,220,,,,,,,,10.5,,,,,,,,,,Rapid urban MUAC assessment (proportion of children MUAC<12.5 cm); MUAC SAM not given. N = children assessed as printed
Deyr 2010/11,Technical-Series-Report-Post-Deyr-10-11-Nutrition-Analysis.pdf,63,"Table 22: Summary of Key Findings, Rapid Urban Nutrition Assessments, Dec-Jan'10/11",Abudwaq,Central,urban,Dec 2010-Jan 2011,MUAC rapid,220,,,,,,,,4.1,,,,,,,,,,Rapid urban MUAC assessment (proportion of children MUAC<12.5 cm); MUAC SAM not given. N = children assessed as printed
Deyr 2010/11,Technical-Series-Report-Post-Deyr-10-11-Nutrition-Analysis.pdf,63,"Table 22: Summary of Key Findings, Rapid Urban Nutrition Assessments, Dec-Jan'10/11",Eldhere,Central,urban,Dec 2010-Jan 2011,MUAC rapid,110,,,,,,,,8.8,,,,,,,,,,Rapid urban MUAC assessment (proportion of children MUAC<12.5 cm); MUAC SAM not given. N = children assessed as printed
Deyr 2010/11,Technical-Series-Report-Post-Deyr-10-11-Nutrition-Analysis.pdf,63,"Table 22: Summary of Key Findings, Rapid Urban Nutrition Assessments, Dec-Jan'10/11",Dhusamareb,Central,urban,Dec 2010-Jan 2011,MUAC rapid,220,,,,,,,,1.0,,,,,,,,,,Rapid urban MUAC assessment (proportion of children MUAC<12.5 cm); MUAC SAM not given. N = children assessed as printed
Deyr 2010/11,Technical-Series-Report-Post-Deyr-10-11-Nutrition-Analysis.pdf,63,"Table 22: Summary of Key Findings, Rapid Urban Nutrition Assessments, Dec-Jan'10/11",Haradhere,Central,urban,Dec 2010-Jan 2011,MUAC rapid,110,,,,,,,,9.6,,,,,,,,,,Rapid urban MUAC assessment (proportion of children MUAC<12.5 cm); MUAC SAM not given. N = children assessed as printed
Deyr 2010/11,Technical-Series-Report-Post-Deyr-10-11-Nutrition-Analysis.pdf,63,"Table 22: Summary of Key Findings, Rapid Urban Nutrition Assessments, Dec-Jan'10/11",Beletywene,Hiran,urban,Dec 2010-Jan 2011,MUAC rapid,220,,,,,,,,23.2,,,,,,,,,,Rapid urban MUAC assessment (proportion of children MUAC<12.5 cm); MUAC SAM not given. N = children assessed as printed
Deyr 2010/11,Technical-Series-Report-Post-Deyr-10-11-Nutrition-Analysis.pdf,63,"Table 22: Summary of Key Findings, Rapid Urban Nutrition Assessments, Dec-Jan'10/11",Buloburti,Hiran,urban,Dec 2010-Jan 2011,MUAC rapid,220,,,,,,,,23.6,,,,,,,,,,Rapid urban MUAC assessment (proportion of children MUAC<12.5 cm); MUAC SAM not given. N = children assessed as printed
Deyr 2010/11,Technical-Series-Report-Post-Deyr-10-11-Nutrition-Analysis.pdf,63,"Table 22: Summary of Key Findings, Rapid Urban Nutrition Assessments, Dec-Jan'10/11",Jalalaqsi,Hiran,urban,Dec 2010-Jan 2011,MUAC rapid,220,,,,,,,,19.5,,,,,,,,,,Rapid urban MUAC assessment (proportion of children MUAC<12.5 cm); MUAC SAM not given. N = children assessed as printed
Deyr 2010/11,Technical-Series-Report-Post-Deyr-10-11-Nutrition-Analysis.pdf,63,"Table 22: Summary of Key Findings, Rapid Urban Nutrition Assessments, Dec-Jan'10/11",Daynilley,Mogadishu,urban,Dec 2010-Jan 2011,MUAC rapid,220,,,,,,,,38.0,,,,,,,,,,Rapid urban MUAC assessment (proportion of children MUAC<12.5 cm); MUAC SAM not given. N = children assessed as printed
Deyr 2010/11,Technical-Series-Report-Post-Deyr-10-11-Nutrition-Analysis.pdf,63,"Table 22: Summary of Key Findings, Rapid Urban Nutrition Assessments, Dec-Jan'10/11",Dharkenley,Mogadishu,urban,Dec 2010-Jan 2011,MUAC rapid,220,,,,,,,,35,,,,,,,,,,Rapid urban MUAC assessment (proportion of children MUAC<12.5 cm); MUAC SAM not given. N = children assessed as printed
Deyr 2010/11,Technical-Series-Report-Post-Deyr-10-11-Nutrition-Analysis.pdf,63,"Table 22: Summary of Key Findings, Rapid Urban Nutrition Assessments, Dec-Jan'10/11",Hamarjabjab,Mogadishu,urban,Dec 2010-Jan 2011,MUAC rapid,220,,,,,,,,19,,,,,,,,,,Rapid urban MUAC assessment (proportion of children MUAC<12.5 cm); MUAC SAM not given. N = children assessed as printed
Deyr 2010/11,Technical-Series-Report-Post-Deyr-10-11-Nutrition-Analysis.pdf,63,"Table 22: Summary of Key Findings, Rapid Urban Nutrition Assessments, Dec-Jan'10/11",Hamarweyne,Mogadishu,urban,Dec 2010-Jan 2011,MUAC rapid,220,,,,,,,,34,,,,,,,,,,Rapid urban MUAC assessment (proportion of children MUAC<12.5 cm); MUAC SAM not given. N = children assessed as printed
Deyr 2010/11,Technical-Series-Report-Post-Deyr-10-11-Nutrition-Analysis.pdf,63,"Table 22: Summary of Key Findings, Rapid Urban Nutrition Assessments, Dec-Jan'10/11",Waberi,Mogadishu,urban,Dec 2010-Jan 2011,MUAC rapid,220,,,,,,,,14,,,,,,,,,,Rapid urban MUAC assessment (proportion of children MUAC<12.5 cm); MUAC SAM not given. N = children assessed as printed
Deyr 2010/11,Technical-Series-Report-Post-Deyr-10-11-Nutrition-Analysis.pdf,63,"Table 22: Summary of Key Findings, Rapid Urban Nutrition Assessments, Dec-Jan'10/11",Madina,Mogadishu,urban,Dec 2010-Jan 2011,MUAC rapid,220,,,,,,,,56,,,,,,,,,,Rapid urban MUAC assessment (proportion of children MUAC<12.5 cm); MUAC SAM not given. N = children assessed as printed
Deyr 2010/11,Technical-Series-Report-Post-Deyr-10-11-Nutrition-Analysis.pdf,63,"Table 22: Summary of Key Findings, Rapid Urban Nutrition Assessments, Dec-Jan'10/11",Jowhar,Shabelle,urban,Dec 2010-Jan 2011,MUAC rapid,330,,,,,,,,24.1,,,,,,,,,,Rapid urban MUAC assessment (proportion of children MUAC<12.5 cm); MUAC SAM not given. N = children assessed as printed
Deyr 2010/11,Technical-Series-Report-Post-Deyr-10-11-Nutrition-Analysis.pdf,63,"Table 22: Summary of Key Findings, Rapid Urban Nutrition Assessments, Dec-Jan'10/11",Afgoye,Shabelle,urban,Dec 2010-Jan 2011,MUAC rapid,220,,,,,,,,39,,,,,,,,,,Rapid urban MUAC assessment (proportion of children MUAC<12.5 cm); MUAC SAM not given. N = children assessed as printed
Deyr 2010/11,Technical-Series-Report-Post-Deyr-10-11-Nutrition-Analysis.pdf,63,"Table 22: Summary of Key Findings, Rapid Urban Nutrition Assessments, Dec-Jan'10/11",Qoryolley,Shabelle,urban,Dec 2010-Jan 2011,MUAC rapid,110,,,,,,,,40.9,,,,,,,,,,Rapid urban MUAC assessment (proportion of children MUAC<12.5 cm); MUAC SAM not given. N = children assessed as printed
Deyr 2010/11,Technical-Series-Report-Post-Deyr-10-11-Nutrition-Analysis.pdf,63,"Table 22: Summary of Key Findings, Rapid Urban Nutrition Assessments, Dec-Jan'10/11",Bardera,Gedo,urban,Dec 2010-Jan 2011,MUAC rapid,110,,,,,,,,18.2,,,,,,,,,,Rapid urban MUAC assessment (proportion of children MUAC<12.5 cm); MUAC SAM not given. N = children assessed as printed
Deyr 2010/11,Technical-Series-Report-Post-Deyr-10-11-Nutrition-Analysis.pdf,63,"Table 22: Summary of Key Findings, Rapid Urban Nutrition Assessments, Dec-Jan'10/11",Belethawa,Gedo,urban,Dec 2010-Jan 2011,MUAC rapid,110,,,,,,,,23.6,,,,,,,,,,Rapid urban MUAC assessment (proportion of children MUAC<12.5 cm); MUAC SAM not given. N = children assessed as printed
Deyr 2010/11,Technical-Series-Report-Post-Deyr-10-11-Nutrition-Analysis.pdf,63,"Table 22: Summary of Key Findings, Rapid Urban Nutrition Assessments, Dec-Jan'10/11",Dobley,Juba,urban,Dec 2010-Jan 2011,MUAC rapid,110,,,,,,,,11.9,,,,,,,,,,Rapid urban MUAC assessment (proportion of children MUAC<12.5 cm); MUAC SAM not given. N = children assessed as printed
Deyr 2010/11,Technical-Series-Report-Post-Deyr-10-11-Nutrition-Analysis.pdf,63,"Table 22: Summary of Key Findings, Rapid Urban Nutrition Assessments, Dec-Jan'10/11",Afmadow,Juba,urban,Dec 2010-Jan 2011,MUAC rapid,110,,,,,,,,13.0,,,,,,,,,,Rapid urban MUAC assessment (proportion of children MUAC<12.5 cm); MUAC SAM not given. N = children assessed as printed
Deyr 2010/11,Technical-Series-Report-Post-Deyr-10-11-Nutrition-Analysis.pdf,63,"Table 22: Summary of Key Findings, Rapid Urban Nutrition Assessments, Dec-Jan'10/11",Buale,Juba,urban,Dec 2010-Jan 2011,MUAC rapid,110,,,,,,,,9.3,,,,,,,,,,Rapid urban MUAC assessment (proportion of children MUAC<12.5 cm); MUAC SAM not given. N = children assessed as printed
Deyr 2010/11,Technical-Series-Report-Post-Deyr-10-11-Nutrition-Analysis.pdf,63,"Table 22: Summary of Key Findings, Rapid Urban Nutrition Assessments, Dec-Jan'10/11",Sakoow,Juba,urban,Dec 2010-Jan 2011,MUAC rapid,110,,,,,,,,13.9,,,,,,,,,,Rapid urban MUAC assessment (proportion of children MUAC<12.5 cm); MUAC SAM not given. N = children assessed as printed
Deyr 2010/11,Technical-Series-Report-Post-Deyr-10-11-Nutrition-Analysis.pdf,63,"Table 22: Summary of Key Findings, Rapid Urban Nutrition Assessments, Dec-Jan'10/11",Dinsor,Bay,urban,Dec 2010-Jan 2011,MUAC rapid,331,,,,,,,,18.4,,,,,,,,,,Rapid urban MUAC assessment (proportion of children MUAC<12.5 cm); MUAC SAM not given. N = children assessed as printed
Deyr 2010/11,Technical-Series-Report-Post-Deyr-10-11-Nutrition-Analysis.pdf,63,"Table 22: Summary of Key Findings, Rapid Urban Nutrition Assessments, Dec-Jan'10/11",Burhakaba,Bay,urban,Dec 2010-Jan 2011,MUAC rapid,220,,,,,,,,14.3,,,,,,,,,,Rapid urban MUAC assessment (proportion of children MUAC<12.5 cm); MUAC SAM not given. N = children assessed as printed
Deyr 2010/11,Technical-Series-Report-Post-Deyr-10-11-Nutrition-Analysis.pdf,63,"Table 22: Summary of Key Findings, Rapid Urban Nutrition Assessments, Dec-Jan'10/11",Baidoa,Bay,urban,Dec 2010-Jan 2011,MUAC rapid,329,,,,,,,,15.2,,,,,,,,,,Rapid urban MUAC assessment (proportion of children MUAC<12.5 cm); MUAC SAM not given. N = children assessed as printed
Deyr 2010/11,Technical-Series-Report-Post-Deyr-10-11-Nutrition-Analysis.pdf,63,"Table 22: Summary of Key Findings, Rapid Urban Nutrition Assessments, Dec-Jan'10/11",Elberde,Bakool,urban,Dec 2010-Jan 2011,MUAC rapid,440,,,,,,,,22.0,,,,,,,,,,Rapid urban MUAC assessment (proportion of children MUAC<12.5 cm); MUAC SAM not given. N = children assessed as printed; value 22.0% only in text layer (cell blank/faint in page image)
Deyr 2010/11,Technical-Series-Report-Post-Deyr-10-11-Nutrition-Analysis.pdf,63,"Table 22: Summary of Key Findings, Rapid Urban Nutrition Assessments, Dec-Jan'10/11",Xuddur,Bakool,urban,Dec 2010-Jan 2011,MUAC rapid,220,,,,,,,,15.8,,,,,,,,,,Rapid urban MUAC assessment (proportion of children MUAC<12.5 cm); MUAC SAM not given. N = children assessed as printed
Deyr 2010/11,Technical-Series-Report-Post-Deyr-10-11-Nutrition-Analysis.pdf,63,"Table 22: Summary of Key Findings, Rapid Urban Nutrition Assessments, Dec-Jan'10/11",Wajid,Bakool,urban,Dec 2010-Jan 2011,MUAC rapid,220,,,,,,,,18.5,,,,,,,,,,Rapid urban MUAC assessment (proportion of children MUAC<12.5 cm); MUAC SAM not given. N = children assessed as printed
