season,surveys,with_gam,with_gam_ci,with_cdr,muac_rapid,rural,urban,IDP,mixed,with_fieldwork
Deyr 2010/11,71,25,24,21,46,29,33,9,0,71
Gu 2011,76,51,47,39,25,32,31,13,0,53
Deyr 2011/12,39,30,29,25,0,17,11,11,0,39
Gu 2012,46,46,42,35,0,19,11,14,2,46
Deyr 2012/13,46,41,38,34,5,20,11,13,2,46
Gu 2013,49,41,29,34,8,23,11,13,2,49
Deyr 2013/14,39,26,24,28,13,26,0,13,0,32
Gu 2014,50,45,42,37,5,26,11,13,0,50
Deyr 2014/15,41,36,36,37,5,22,4,13,2,41
Gu 2015,39,33,29,31,6,20,6,13,0,39
Deyr 2015/16,39,33,30,33,6,22,4,13,0,39
Gu 2016,28,28,26,28,0,14,0,13,1,28
Deyr 2016/17,27,27,24,27,0,14,0,12,1,13
Gu 2017,31,31,0,31,0,17,2,12,0,0
Deyr 2017/18,30,30,0,30,0,15,2,13,0,8
Gu 2018,37,33,0,33,4,21,3,13,0,12
Deyr 2018/19,38,34,0,34,4,21,3,14,0,5
Gu 2019,33,33,0,33,0,17,3,13,0,0
Deyr 2019/20,41,41,0,40,0,17,13,11,0,0
Gu 2020,37,37,0,37,0,16,11,10,0,0
Deyr 2020/21,36,36,0,36,0,16,11,9,0,0
Gu 2021,35,35,0,35,0,15,10,10,0,0
Deyr 2021/22,40,40,0,40,0,18,11,10,1,0
Gu 2022,30,30,0,30,0,13,8,8,1,0
Deyr 2022/23,25,25,15,25,0,15,0,9,1,0
Gu 2023,35,35,31,35,0,16,9,9,1,0
Deyr 2023/24,44,44,31,44,0,23,10,10,1,0
Gu 2024,39,39,34,39,0,17,10,10,2,0
Deyr 2024/25,42,39,25,39,0,19,11,11,1,0
Gu 2025,38,38,0,38,0,17,10,10,1,0
Deyr 2025/26,28,28,0,28,0,17,0,11,0,0
