,Juba riverine,Juba agropastoral,Juba pastoral,South Gedo (any rural),North Gedo (any rural),Bakool pastoral,Bakool agropastoral,Bay agropastoral,Shabelle riverine,Shabelle agropastoral,Hiran rural (incl. Beletweyne district),Cowpea belt (central agropastoral),Coastal Deeh central
Deyr 2010/11,,,,,,MUAC,MUAC,MUAC,MUAC,MUAC,MUAC,MUAC,MUAC
Gu 2011,SMART,SMART,SMART,,,SMART,SMART,SMART,SMART,SMART,SMART,MUAC,
Deyr 2011/12,SMART,SMART,SMART,,,other,,MUAC,other,other,,,
Gu 2012,SMART,SMART,SMART,,,SMART,,SMART,,,SMART,SMART,
Deyr 2012/13,,,,,,SMART,,SMART,,,SMART,MUAC,
Gu 2013,,MUAC,MUAC,MUAC,,SMART,,SMART,,,SMART,,
Deyr 2013/14,MUAC,MUAC,MUAC,MUAC,,SMART,,SMART,,,SMART,MUAC,
Gu 2014,,,,MUAC,SMART,SMART,,SMART,SMART,SMART,SMART,MUAC,
Deyr 2014/15,,,,SMART,SMART,SMART,,SMART,SMART,SMART,SMART,MUAC,MUAC
Gu 2015,,,MUAC,MUAC,SMART,SMART,,SMART,SMART,,SMART,MUAC,MUAC
Deyr 2015/16,,,MUAC,MUAC,SMART,SMART,,SMART,,,SMART,MUAC,MUAC
Gu 2016,,,,,SMART,SMART,,SMART,SMART,SMART,,,
Deyr 2016/17,,,,,SMART,SMART,,SMART,SMART,SMART,,,
Gu 2017,,,,,SMART,SMART,,SMART,SMART,SMART,,,
Deyr 2017/18,,,,,SMART,,,SMART,SMART,SMART,,,
Gu 2018,,,MUAC,MUAC,SMART,SMART,,SMART,SMART,SMART,,,
Deyr 2018/19,,,MUAC,MUAC,SMART,,,SMART,SMART,SMART,,,
Gu 2019,,,,,SMART,,,SMART,SMART,SMART,,,
Deyr 2019/20,,,,,SMART,SMART,,SMART,SMART,SMART,,,
Gu 2020,,,,,SMART,,,SMART,SMART,SMART,,,
Deyr 2020/21,,,,,SMART,,,SMART,SMART,SMART,,,
Gu 2021,,,,,SMART,,,SMART,SMART,SMART,,,
Deyr 2021/22,,,,,SMART,SMART,,SMART,SMART,SMART,,,
Gu 2022,,,,,SMART,,,SMART,SMART,SMART,,,
Deyr 2022/23,,,,,SMART,,,SMART,,,,,
Gu 2023,,,,,SMART,,,SMART,SMART,SMART,SMART,,
Deyr 2023/24,,,SMART,,SMART,SMART,,SMART,SMART,SMART,,,
Gu 2024,,,,,SMART,,,SMART,SMART,SMART,,,
Deyr 2024/25,,,,,SMART,,,SMART,SMART,SMART,SMART,,
Gu 2025,,,,,SMART,,,SMART,SMART,SMART,,,
Deyr 2025/26,,,,,SMART,,,SMART,SMART,SMART,SMART,,
