season,title,url,file,ok
Deyr 2010/11,FSNAU Technical Series Report Post Deyr 10-11 Nutrition Analysis,https://fsnau.org/downloads/Technical-Series-Report-Post-Deyr-10-11-Nutrition-Analysis.pdf,Technical-Series-Report-Post-Deyr-10-11-Nutrition-Analysis.pdf,True
Gu 2011,"FSNAU Nutrition Technical Series Report, Post Gu 2011 Analysis",https://fsnau.org/downloads/FSNAU-Nutrition-Technical-Series-Report-Post-Gu-2011-Analysis.pdf,FSNAU-Nutrition-Technical-Series-Report-Post-Gu-2011-Analysis.pdf,True
Deyr 2011/12,FSNAU Post Deyr 2011/12-Nutrition Technical Report,https://fsnau.org/downloads/FSNAU-Post-Deyr-2011-12-Nutrition-Technical-Report.pdf,FSNAU-Post-Deyr-2011-12-Nutrition-Technical-Report.pdf,True
Gu 2012,FSNAU Technical Series Report Post Gu 2012 Nutrition Analysis,https://fsnau.org/downloads/FSNAU-Technical-Series-Report-Post-Gu-2012-Nutrition-Analysis.pdf,FSNAU-Technical-Series-Report-Post-Gu-2012-Nutrition-Analysis.pdf,True
Deyr 2012/13,FSNAU Technical Series Report Post Deyr 2012/13 Nutrition Analysis,https://fsnau.org/downloads/FSNAU-Technical-Series-Report-Post-Deyr-2012-13-Nutrition-Analysis.pdf,FSNAU-Technical-Series-Report-Post-Deyr-2012-13-Nutrition-Analysis.pdf,True
Gu 2013,FSNAU Technical Series Report - Post Gu 2013 Nutrition Analysis,https://fsnau.org/downloads/FSNAU-Technical-Series-Report-Post-Gu-2013-Nutrition-Analysis.pdf,FSNAU-Technical-Series-Report-Post-Gu-2013-Nutrition-Analysis.pdf,True
Deyr 2013/14,FSNAU Technical Series Report - Post Deyr 2013-14 Nutrition Analysis,https://fsnau.org/downloads/FSNAU-Technical-Series-Report-Post-Deyr-2013-14-Nutrition-Analysis.pdf,FSNAU-Technical-Series-Report-Post-Deyr-2013-14-Nutrition-Analysis.pdf,True
Gu 2014,FSNAU Technical Series Report - Post Gu 2014 Nutrition Analysis Report,https://fsnau.org/downloads/FSNAU-Technical-Series-Report-Post-Gu-2014-Nutrition-Analysis.pdf,FSNAU-Technical-Series-Report-Post-Gu-2014-Nutrition-Analysis.pdf,True
Deyr 2014/15,FSNAU Nutrition Analysis Technical Series Report Post Deyr 2014/15,https://fsnau.org/downloads/FSNAU-Nutrition-Analysis-Technical-Series-Report-Post-Deyr-2014-15.pdf,FSNAU-Nutrition-Analysis-Technical-Series-Report-Post-Deyr-2014-15.pdf,True
Gu 2015,FSNAU Nutrition Analysis Technical Series Report Post Gu 2015,https://fsnau.org/downloads/FSNAU-Technical-Series-Report-Post-Gu-2015-Nutrition-Analysis.pdf,FSNAU-Technical-Series-Report-Post-Gu-2015-Nutrition-Analysis.pdf,True
Deyr 2015/16,"FSNAU 2015/16 Post - Deyr Nutrition Technical Report, April 2016",https://fsnau.org/downloads/FSNAU-Technical-Series-Report-Post-Deyr-2015-16-Nutrition-Analysis.pdf,FSNAU-Technical-Series-Report-Post-Deyr-2015-16-Nutrition-Analysis.pdf,True
Gu 2016,"FSNAU 2016 Post - Gu Nutrition Technical Report, December 2016",https://fsnau.org/downloads/FSNAU-Technical-Series-Report-Post-Gu-2016-Nutrition-Analysis.pdf,FSNAU-Technical-Series-Report-Post-Gu-2016-Nutrition-Analysis.pdf,True
Gu 2016,Summary of the Nutrition Situation for Somalia Gu 2016,https://fsnau.org/downloads/Summary-of-Nutrition-Situation-for-Somalia-Gu-2016.pdf,Summary-of-Nutrition-Situation-for-Somalia-Gu-2016.pdf,True
Deyr 2016/17,"Nutrition Situation Analysis Post Deyr 2016/17, Northwest",https://fsnau.org/downloads/Nutrition-Situation-Analysis-Post-Deyr-2016-17-Northwest.pdf,Nutrition-Situation-Analysis-Post-Deyr-2016-17-Northwest.pdf,True
Deyr 2016/17,"Nutrition Situation Analysis Post Deyr 2016/17, Northeast and Central",https://fsnau.org/downloads/Nutrition-Situation-Analysis-Post-Deyr-2016-17-Northeast-and-Central.pdf,Nutrition-Situation-Analysis-Post-Deyr-2016-17-Northeast-and-Central.pdf,True
Deyr 2016/17,"Nutrition Situation Analysis Post Deyr 2016/17, Central",https://fsnau.org/downloads/Nutrition-Situation-Analysis-Post-Deyr-2016-17-Central.pdf,Nutrition-Situation-Analysis-Post-Deyr-2016-17-Central.pdf,True
Deyr 2016/17,"Nutrition Situation Analysis Post Deyr 2016/17, Hiran",https://fsnau.org/downloads/Nutrition-Situation-Analysis-Post-Deyr-2016-17-Hiran.pdf,Nutrition-Situation-Analysis-Post-Deyr-2016-17-Hiran.pdf,True
Deyr 2016/17,"Nutrition Situation Analysis Post Deyr 2016/17, Shabelle and Banadir",https://fsnau.org/downloads/Nutrition-Situation-Analysis-Post-Deyr-2016-17-Shabelle-and-Banadir.pdf,Nutrition-Situation-Analysis-Post-Deyr-2016-17-Shabelle-and-Banadir.pdf,True
Deyr 2016/17,"Nutrition Situation Analysis Post Deyr 2016/17, Bay and Bakool",https://fsnau.org/downloads/Nutrition-Situation-Analysis-Post-Deyr-2016-17-Bay-and-Bakool.pdf,Nutrition-Situation-Analysis-Post-Deyr-2016-17-Bay-and-Bakool.pdf,True
Deyr 2016/17,"Nutrition Situation Analysis Post Deyr 2016/17, Gedo",https://fsnau.org/downloads/Nutrition-Situation-Analysis-Post-Deyr-2016-17-Gedo.pdf,Nutrition-Situation-Analysis-Post-Deyr-2016-17-Gedo.pdf,True
Deyr 2016/17,"Nutrition Situation Analysis Post Deyr 2016/17, Kismaiyo and Dhobley",https://fsnau.org/downloads/Nutrition-Situation-Analysis-Post-Deyr-2016-17-Kismaiyo-and-Dhobley.pdf,Nutrition-Situation-Analysis-Post-Deyr-2016-17-Kismaiyo-and-Dhobley.pdf,True
Gu 2017,FSNAU-FEWS NET 2017 Post Gu Technical Release Final - 31 Aug 2017,https://fsnau.org/downloads/FSNAU-FEWS-NET-2017-Post-Gu-Technical-Release-Final-31-Aug-2017.pdf,FSNAU-FEWS-NET-2017-Post-Gu-Technical-Release-Final-31-Aug-2017.pdf,True
Gu 2017,"2017 Post Gu Joint FSNAU FEWS NET Presentation, 5 September 2017",https://fsnau.org/downloads/2017-Post-Gu-Joint-FSNAU-FEWS%20NET-Presentation-5-September-2017.pdf,2017-Post-Gu-Joint-FSNAU-FEWS_NET-Presentation-5-September-2017.pdf,True
Deyr 2017/18,Nutrition Situation Summary for Somalia - Deyr 2017,https://fsnau.org/downloads/Summary-of-Nutrition-Situation-for-Somalia-Deyr-2017-1.pdf,Summary-of-Nutrition-Situation-for-Somalia-Deyr-2017-1.pdf,True
Gu 2018,"Summary of Nutrition Situation for Somalia Gu, 2018",https://fsnau.org/downloads/Summary-of-Nutrition-Situation-for-Somalia-Gu-2018.pdf,Summary-of-Nutrition-Situation-for-Somalia-Gu-2018.pdf,True
Deyr 2018/19,2018 Deyr Nutrition Summary Results,https://fsnau.org/downloads/2018-Deyr-Nutrition-Summary-Results.pdf,2018-Deyr-Nutrition-Summary-Results.pdf,True
Gu 2019,Somalia 2019 Post Gu FSNAU Nutrition Survey Summary Results,https://fsnau.org/downloads/Somalia-2019-Post-Gu-FSNAU-Nutrition-Survey-Summary-Results.pdf,Somalia-2019-Post-Gu-FSNAU-Nutrition-Survey-Summary-Results.pdf,True
Deyr 2019/20,"2019 Post Deyr Assessment Key Nutrition Results, February 2020",https://fsnau.org/downloads/2019-Post-Deyr-Assessment-Key-Nutrition-Results-February-2020.pdf,2019-Post-Deyr-Assessment-Key-Nutrition-Results-February-2020.pdf,True
Gu 2020,"Somalia 2020 Post Gu Key Nutrition Results Summary, 30th Sep 2020",https://fsnau.org/downloads/Somalia%20-2020-Post-Gu-Key-Nutrition-Results-Summary-30-Sep-2020.pdf,Somalia_-2020-Post-Gu-Key-Nutrition-Results-Summary-30-Sep-2020.pdf,True
Deyr 2020/21,"2020 Post Deyr Key Nutrition Results Summary, 4 Feb 2021",https://fsnau.org/downloads/2020-Post-Deyr-Key-Nutrition-Results-Summary-4-Feb-2021.pdf,2020-Post-Deyr-Key-Nutrition-Results-Summary-4-Feb-2021.pdf,True
Gu 2021,Somalia 2021 Post Gu Nutrition Survey Summary Results,https://fsnau.org/downloads/2021-Post-Gu-Key-Nutrition-Results-Summary-9-Sep-2021.pdf,2021-Post-Gu-Key-Nutrition-Results-Summary-9-Sep-2021.pdf,True
Deyr 2021/22,Somalia 2021 Post Deyr Nutrition Survey Summary Results,https://fsnau.org/downloads/2021-Post-Deyr-Nutrition-Results-2022.pdf,2021-Post-Deyr-Nutrition-Results-2022.pdf,True
Gu 2022,Somalia 2022 Post Gu Nutrition Results Summary - 13 Sep 2022,https://fsnau.org/downloads/Somalia-2022-Post-Gu-Nutrition-Results-Summary-13-Sep-2022.pdf,Somalia-2022-Post-Gu-Nutrition-Results-Summary-13-Sep-2022.pdf,True
Deyr 2022/23,"Somalia 2022 Post Deyr Nutrition Results Summary, 28 Feb 2023",https://fsnau.org/downloads/Somalia-2022-Post-Deyr-Nutrition-Results-Summary-28-Feb-2023.pdf,Somalia-2022-Post-Deyr-Nutrition-Results-Summary-28-Feb-2023.pdf,True
Gu 2023,"Somalia 2023 Post G Nutrition Results Summary, 18 Sep 2023.pdf",https://fsnau.org/downloads/Somalia-2023-Post-Gu-Nutrition-Results-Summary-18-Sep-2023.pdf,Somalia-2023-Post-Gu-Nutrition-Results-Summary-18-Sep-2023.pdf,True
Deyr 2023/24,Somalia 2023 Post Deyr Nutrition Results Summary,https://fsnau.org/downloads/Somalia-2023-Post-Deyr-Nutrition-Results-Summary.pdf,Somalia-2023-Post-Deyr-Nutrition-Results-Summary.pdf,True
Gu 2024,Somalia 2024 Post Gu Acute Malnutrition Prevalence by District - 25 Sep 2024,https://fsnau.org/downloads/Somalia-2024-Post-Gu-Acute-Malnutrition-Prevalence-by-District-25-Sep-2024.pdf,Somalia-2024-Post-Gu-Acute-Malnutrition-Prevalence-by-District-25-Sep-2024.pdf,True
Gu 2024,Somalia 2024 Post Gu IPC communication report,https://fsnau.org/downloads/Somalia-2024-Post-Gu-IPC-communication-report_0.pdf,Somalia-2024-Post-Gu-IPC-communication-report_0.pdf,True
Deyr 2024/25,Somalia 2024 Post Deyr Assessment Key Nutrition Results Summary - Feb 24 2025,https://fsnau.org/downloads/2024%20Post%20Deyr%20Key%20Summary%20results_revised%20Feb%2024_2025%20fnl.pdf,2024_Post_Deyr_Key_Summary_results_revised_Feb_24_2025_fnl.pdf,True
Gu 2020,Somalia IPC Acute Food Insecurity and Acute Malnutrition Analyses report for August - December 2020,https://fsnau.org/downloads/IPC_Somalia_Acute_Food_Insecurity_Acute_Malnutrition_Report.pdf,IPC_Somalia_Acute_Food_Insecurity_Acute_Malnutrition_Report.pdf,True
Deyr 2020/21,"IPC Somalia Acute Food Insecurity Malnutrition Report, January-July 2021",https://fsnau.org/downloads/IPC-Somalia-Acute-Food-Insecurity-Malnutrition-Report-January-July-2021.pdf,IPC-Somalia-Acute-Food-Insecurity-Malnutrition-Report-January-July-2021.pdf,True
Gu 2021,"IPC Somalia Acute Food Insecurity Malnutrition, 2021 July-Dec Report",https://fsnau.org/downloads/IPC-Somalia-Acute-Food-Insecurity-Malnutrition-2021-July-Dec-Report.pdf,IPC-Somalia-Acute-Food-Insecurity-Malnutrition-2021-July-Dec-Report.pdf,True
Gu 2022,IPC Famine Review Report Somalia - December 2022,https://fsnau.org/downloads/IPC-Famine-Review-Report-Somalia_Dec2022.pdf,IPC-Famine-Review-Report-Somalia_Dec2022.pdf,True
Gu 2023,"Somalia IPC Acute Food Insecurity Malnutrition Report, Aug Dec 2023",https://fsnau.org/downloads/Somalia-IPC-Acute-Food-Insecurity-Malnutrition-Report-Aug-Dec-2023.pdf,Somalia-IPC-Acute-Food-Insecurity-Malnutrition-Report-Aug-Dec-2023.pdf,True
Deyr 2023/24,"IPC Somalia Acute Food Insecurity Malnutrition, Jan-Jun 2024 Report",https://fsnau.org/downloads/IPC-Somalia-Acute-Food-Insecurity-Malnutrition-Jan-Jun-2024-Report.pdf,IPC-Somalia-Acute-Food-Insecurity-Malnutrition-Jan-Jun-2024-Report.pdf,True
Deyr 2024/25,Somalia 2024 Post Deyr IPC Communication Report,https://fsnau.org/downloads/IPC_Somalia_Acute_Food_Insecurity_Malnutrition_Jan_Jun2025_Report_0.pdf,IPC_Somalia_Acute_Food_Insecurity_Malnutrition_Jan_Jun2025_Report_0.pdf,True
