file,statement
FSNAU-Nutrition-Analysis-Technical-Series-Report-Post-Deyr-2014-15.pdf,"p11 | Juba and parts of Hiran, Bay, Bakool and Lower Shabelle | insecurity / lack of qualified partners | ""Insecurity limits access to the population of concern and lack of qualified partners in some areas: Juba and parts of Hiran, Bay, Bakool and Lower Shabelle."""
FSNAU-Nutrition-Analysis-Technical-Series-Report-Post-Deyr-2014-15.pdf,"p12 | Middle and Lower Juba rural livelihoods | three additional surveys done but discarded for poor data quality | ""Three additional nutrition surveys conducted in Middle and Lower Juba were discarded due to problems with the quality of the survey data."" (repeated p97)"
FSNAU-Nutrition-Analysis-Technical-Series-Report-Post-Deyr-2014-15.pdf,"p21 | Juba regions (rural) | no usable survey data; prior-season medians used for caseload | ""For the Juba regions where it was not possible to collect nutrition survey data, the median prevalence rates for the surveys conducted in the Deyr 2013 were applied"""
FSNAU-Nutrition-Analysis-Technical-Series-Report-Post-Deyr-2014-15.pdf,"p61 | Agropastoral and Riverine livelihoods of South Gedo and Juba, and the Cowpea Belt | access constraints; assessed by MUAC survey only | ""Owing to constraints in access, the nutrition situation in the Agropastoral and Riverine livelihoods of South Gedo and Juba and the Cowpea Belt were assessed through MUAC surveys."""
FSNAU-Nutrition-Analysis-Technical-Series-Report-Post-Deyr-2014-15.pdf,"p55 | Cowpea and Coastal Deeh (Central) | FSNAU staff access challenge; representative MUAC survey instead of full SMART | ""In the Cow pea and Coastal Deeh livelihoods where FSNAU staff faced the challenge of access, a representative sampled MUAC Surveys was conducted."""
FSNAU-Nutrition-Analysis-Technical-Series-Report-Post-Deyr-2014-15.pdf,"p82 | Hiran region: three of five districts (all except Beletweyne and Mataban) | not accessible | ""Of the five districts in Hiran region, only Beletweyne and Mataban were accessible for the Deyr 2014/15 nutrition survey."""
FSNAU-Nutrition-Technical-Series-Report-Post-Gu-2011-Analysis.pdf,"p9 | Lower Shabelle (agro-pastoral and riverine), August 2011 repeat surveys | access: ""Access was not permitted in Lower Shabelle to repeat the 2 rural surveys."" (only the July 2011 surveys exist)"
FSNAU-Nutrition-Technical-Series-Report-Post-Gu-2011-Analysis.pdf,"p9, p35, p50, p89 | Hiran (pastoral, agro-pastoral, riverine) and Bakool (pastoral, agro-pastoral) August 2011 surveys | quality: ""quality does not meet standards for publishing. Therefore these results are retracted and should not be quoted."" (no August results transcribed; July surveys are in the CSV)"
FSNAU-Nutrition-Technical-Series-Report-Post-Gu-2011-Analysis.pdf,"p10 (Table 1 timeline) | Middle Shabelle riverine and agro-pastoral, Gedo agro-pastoral and Gedo riverine, August 2011 repeat surveys | listed as conducted in August 2011 but no August results appear in Tables 7, 11, 12, 29 or 30 (Table 7 and Table 30 show only Gedo Pastoral for Gedo; no Middle Shabelle August results) - reason not given"
FSNAU-Nutrition-Technical-Series-Report-Post-Gu-2011-Analysis.pdf,"p27, p89 | Gedo Pastoral August 2011 mortality (CDR, U5DR) | results pending: Table 30 prints 'To be confirmed' for CDR and U5DR (Table 7 has no mortality rows)"
FSNAU-Nutrition-Technical-Series-Report-Post-Gu-2011-Analysis.pdf,"p16 (footnote 5) | Mogadishu / IDPs (food security population count) | ""FSNAU does not conduct assessments in Mogadishu and those IDPs from other regions are already considered in the overall IPC analysis"" (concerns food security population figures, not the nutrition surveys, which did cover Mogadishu IDPs and Mogadishu town)"
FSNAU-Nutrition-Technical-Series-Report-Post-Gu-2011-Analysis.pdf,"p48 | Lower Shabelle, previous seasons (Deyr 2009/10 and Gu 2010 context) | ""There was still no access to conduct surveys in Lower Shabelle region"" - historical statement, not about Gu 2011"
FSNAU-Post-Deyr-2011-12-Nutrition-Technical-Report.pdf,"p9: Gedo, Bakool, Hiran, Lower Shabelle - no surveys: ""surveys could not be conducted in December 2011 due to poor access"" (also p10: ""for security reasons""); likely Very Critical inferred from health facility and feeding programme data only."
FSNAU-Post-Deyr-2011-12-Nutrition-Technical-Report.pdf,"p9: Southern Somalia (other than Mogadishu IDP and urban) - ""Due to security restrictions, updated nutrition and mortality data was not collected in December 2011""."
FSNAU-Post-Deyr-2011-12-Nutrition-Technical-Report.pdf,"p10: Other urban livelihood zones of southern regions - ""Due to security reasons, it was not possible to undertake nutrition surveys in the other urban livelihoods zones of southern regions""."
FSNAU-Post-Deyr-2011-12-Nutrition-Technical-Report.pdf,"p27: Gedo (Pastoral, Agro-pastoral, Riverine) - surveys conducted October-December 2011 ""did not meet the required quality for publication""; no results published (Table 6 has HIS/food security indicators only)."
FSNAU-Post-Deyr-2011-12-Nutrition-Technical-Report.pdf,"p35: Bakool (Agropastoral and Pastoral) - surveys in October 2011 ""did not meet the required quality standards for publication""; only partner MUAC screening of pastoral population (Sept 2011) reported (recorded as a MUAC rapid row)."
FSNAU-Post-Deyr-2011-12-Nutrition-Technical-Report.pdf,"p36: Bay Agropastoral - survey data ""of substandard quality"", actual GAM point prevalence not published; only approximate ~30% GAM and ~7% SAM given (recorded as such, no CI). No other Bay livelihood zones surveyed."
FSNAU-Post-Deyr-2011-12-Nutrition-Technical-Report.pdf,"p41: Lower Shabelle (agro-pastoral and riverine) - ""Due to the lack of access for security reasons, no surveys were conducted in November/December '11""; Table 11 gives HIS trends only."
FSNAU-Post-Deyr-2011-12-Nutrition-Technical-Report.pdf,"p41: Middle Shabelle Agropastoral and Riverine - surveys in August and October 2011 ""did not meet the required quality standard and therefore the actual GAM point prevalence cannot be published""; approximate GAM only (>30% and ~20%) recorded."
FSNAU-Post-Deyr-2011-12-Nutrition-Technical-Report.pdf,"p43: Afgoye IDPs - ""No surveys were conducted among the Afgoye IDP populations this season, due to security concerns""."
FSNAU-Post-Deyr-2011-12-Nutrition-Technical-Report.pdf,"p47: Hiran region - ""No surveys were conducted in the region during the Deyr '11/12 season due to inaccessibility as a result of insecurity"" (Table 15 lists only HIS trends; the July 2011 Hiran riverine survey mentioned in the text belongs to the previous season and was not recorded)."
FSNAU-Post-Deyr-2011-12-Nutrition-Technical-Report.pdf,"p18: Coastal Deeh and Cowpea Belt of Central regions - ""it was not possible to collect nutrition survey data, nor any secondary data"" (cowpea belt and Coastal Deeh pastoral of Central; p50 ""No assessment was conducted in the cowpea agro-pastoral and Coastal Deeh pastoral livelihoods of Central Somalia"")."
FSNAU-Post-Deyr-2011-12-Nutrition-Technical-Report.pdf,"p18: ""With the exception of the Coastal Deeh, Cowpea Belt of Galgaduud and Mudug regions in Central Somalia, Gedo, Bakool, Hiran, and Lower Shabelle, all population groups were assessed during this period."""
FSNAU-Post-Deyr-2011-12-Nutrition-Technical-Report.pdf,"p63: Margaga IDPs - ""the IDPs in Margaga were sampled and assessed together with Galkayo IDPs, given the population number was small"" (no separate Margaga survey this round)."
FSNAU-Technical-Series-Report-Post-Deyr-2012-13-Nutrition-Analysis.pdf,"p10 | Juba, Southern Gedo, southern Hiran and Shabelle regions | no SMART surveys, insecurity | ""Due to insecurity, it was not possible to conduct SMART surveys in Juba, Southern Gedo, southern Hiran and Shabelle regions."" (rapid MUAC done in accessible areas of Juba and southern Gedo)"
FSNAU-Technical-Series-Report-Post-Deyr-2012-13-Nutrition-Analysis.pdf,"p11 | Central agro-pastoral (cow pea belt) and Coastal Deeh | no SMART survey, insecurity; rapid MUAC only | ""Rapid MUAC assessments were carried out ... due to insecurity-induced lack of access, which hindered the FSNAU team to conduct a SMART nutrition survey."""
FSNAU-Technical-Series-Report-Post-Deyr-2012-13-Nutrition-Analysis.pdf,"p18 | Shabelle regions, southern Bakool and southern Hiran | no survey, completely inaccessible for security reasons | ""completely inaccessible for security reasons"""
FSNAU-Technical-Series-Report-Post-Deyr-2012-13-Nutrition-Analysis.pdf,"p18 | Juba and southern Gedo | rapid MUAC assessments only | ""Juba and southern Gedo Regions where rapid assessments were done based on Mid Upper Arm Circumference."""
FSNAU-Technical-Series-Report-Post-Deyr-2012-13-Nutrition-Analysis.pdf,"p25 | Southern Gedo (agro-pastoral, pastoral, riverine) | no survey, inaccessibility due to civil insecurity; no MUAC figures printed | ""No surveys were conducted in the Southern Gedo region during the Deyr 2012/13 season because of inaccessibility due to civil insecurity."""
FSNAU-Technical-Series-Report-Post-Deyr-2012-13-Nutrition-Analysis.pdf,"p29 | Juba region (pastoral, agro-pastoral, riverine) | no SMART survey, inaccessibility caused by civil insecurity; rapid MUAC in Table 8 | ""No surveys were conducted in the Juba region during the Deyr 2012/13 season due to inaccessibility caused by civil insecurity."""
FSNAU-Technical-Series-Report-Post-Deyr-2012-13-Nutrition-Analysis.pdf,"p39 | Middle and Lower Shabelle | no nutrition surveys since Gu 2011 due to lack of access | ""there were no nutrition surveys conducted since Gu 2011 due to lack of access""; ""Due to the lack of sufficient data, there is no overall nutrition situation estimate"""
FSNAU-Technical-Series-Report-Post-Deyr-2012-13-Nutrition-Analysis.pdf,"p43 | Hiran: Buloburti and Jalaqsi districts (and livelihood-based surveys generally) | no survey, lack of adequate data / access | ""No surveys were undertaken in Buloburti and Jalaqsi districts, therefore no overall nutrition situation is reported for these two districts"""
FSNAU-Technical-Series-Report-Post-Deyr-2013-14-Nutrition-Analysis.pdf,"p12 | Lower Shabelle; parts of Hiran; parts of Bakool | Insecurity | ""Insecurity resulted in limited access to the population of interest in some areas: Lower Shabelle and parts of Hiran and Bakool."" (Survey Limitations)"
FSNAU-Technical-Series-Report-Post-Deyr-2013-14-Nutrition-Analysis.pdf,"p17 | Bakool Agro-pastoral; South Hiran; Lower Shabelle | Not assessed in Deyr 2013 (situation projected from trends of similar/adjacent livelihoods; no survey) | ""nutrition situations among the Bakool Agro-pastoral, South Hiran and Lower Shabelle regions which were not assessed in Deyr 2013 is projected based on the seasonal trends ... and extrapolation of the results of the assessed similar and adjacent livelihoods."""
FSNAU-Technical-Series-Report-Post-Deyr-2013-14-Nutrition-Analysis.pdf,"p58 | South Gedo and Juba agropastorals and riverine; Cowpea Belt | Constraints in access: assessed by MUAC only, not SMART | ""Because of constraints in access, nutrition situation in agropastorals and riverine livelihoods of South Gedo and Juba and the Cowpea Belt were assessed through MUAC and not through SMART surveys"" (these appear in the CSV as MUAC rapid rows; Cowpea is in Table 25 on p57)"
FSNAU-Technical-Series-Report-Post-Deyr-2013-14-Nutrition-Analysis.pdf,"p77 | Rest of Hiran region (other than Beletweyn and Mataban districts) | Lack of access | ""No surveys were conducted in the rest of the region due to lack of access. Therefore there was insufficient data to make an overall nutrition statement."""
FSNAU-Technical-Series-Report-Post-Deyr-2013-14-Nutrition-Analysis.pdf,"p93 | Areas shown as ""Not acessed"" on Map 6.2 (Appendix 6.2, Deyr 2013/14 Assessment Coverage) | Map only; no reason stated beside it. White (not accessed) areas visible in parts of Bakool (Hudur/Wajid/Xudur area), Hiran (Bulo Barde/Jalalaqsi area), and Lower Shabelle/Banadir hinterland | Map legend: ""Acessed"" / ""Not acessed"""
FSNAU-Technical-Series-Report-Post-Deyr-2013-14-Nutrition-Analysis.pdf,"p72 | Middle Shabelle agro-pastoral and riverine | Assessed through representative MUAC surveys, not SMART (recorded as MUAC rapid rows) | ""Comprehensive assessments ... were conducted in IDPs but nutrition situation in two livelihoods was assessed through representative MUAC surveys."""
FSNAU-Technical-Series-Report-Post-Deyr-2015-16-Nutrition-Analysis.pdf,"p9 | Six surveys (areas with insecurity) | only MUAC (no weight-for-height) measured | ""Both Weight-for-Height and MUAC measurements were taken for the 34 surveys while, only ... (MUAC) measurement was taken in the remaining 6 surveys due to security constraints."""
FSNAU-Technical-Series-Report-Post-Deyr-2015-16-Nutrition-Analysis.pdf,"p11 | Juba, parts of Bakool, Hiran and Shabelle regions | insecurity limits access to the population; lack of qualified partners | ""Insecurity limits access to the population of concern and lack of qualified partners in some areas: Juba, parts of Bakool, Hiran and Shabelle Regions"""
FSNAU-Technical-Series-Report-Post-Deyr-2015-16-Nutrition-Analysis.pdf,"p11 | Areas with insecurity (n=6 surveys) | representative MUAC-based assessment instead of full SMART | ""in areas where insecurity would be a threat to conduct full assessment, MUAC as a primary wasting measurement index and brief health and nutrition tool was adopted"""
FSNAU-Technical-Series-Report-Post-Deyr-2015-16-Nutrition-Analysis.pdf,"p21 | Juba regions (Lower and Middle Juba, general) | not possible to collect nutrition survey data for caseload estimates; median rates applied | ""for the Juba Regions where it was not possible to collect nutrition survey data, the median rates for the surveys conducted in the Deyr 2015 were applied"""
FSNAU-Technical-Series-Report-Post-Deyr-2015-16-Nutrition-Analysis.pdf,"p54 | South Gedo and Juba rural livelihoods | assessed through MUAC surveys only, owing to constraints in access | ""Owing to constraints in access, the nutrition situation in the rural livelihoods of South Gedo and Juba were assessed through MUAC surveys."""
FSNAU-Technical-Series-Report-Post-Deyr-2015-16-Nutrition-Analysis.pdf,"p74 | Beletweyne District (Hiran) | survey covered only accessible areas | ""FSNAU conducted two nutrition surveys (rural livelihoods) in Matabaan and accessible areas of Beletweyne District."""
FSNAU-Technical-Series-Report-Post-Deyr-2015-16-Nutrition-Analysis.pdf,"p80 | Bay and Bakool | short questionnaire because of insecurity | ""Due to insecurity the questionnaires used waere short focusing only on anthropometrical, mortality and morbidity data."""
FSNAU-Technical-Series-Report-Post-Gu-2012-Nutrition-Analysis.pdf,"p18: Shabelle regions (Middle and Lower), southern parts of Gedo, Bakool and Hiran - ""which were inaccessible for security reasons"" (46 surveys conducted elsewhere, April-July 2012); same statement p11 (""could not be accessed due to insecurity"")."
FSNAU-Technical-Series-Report-Post-Gu-2012-Nutrition-Analysis.pdf,"p25: Southern Gedo - ""No surveys were conducted in Southern Gedo region due to inaccessibility as a result of civil insecurity""."
FSNAU-Technical-Series-Report-Post-Gu-2012-Nutrition-Analysis.pdf,"p36: Bakool Agro-pastoral - ""No assessment was conducted in the agro-pastoral livelihood of Bakool region, therefore there is insufficient data to estimate the overall nutrition situation""."
FSNAU-Technical-Series-Report-Post-Gu-2012-Nutrition-Analysis.pdf,"p42: Lower Shabelle (riverine and agro-pastoral) - ""Due to the lack of access in the region for security reasons, no surveys were conducted""."
FSNAU-Technical-Series-Report-Post-Gu-2012-Nutrition-Analysis.pdf,"p43: Shabelle regions (Middle and Lower) - ""no nutrition surveys conducted in the Gu 2012 due to lack of access. The last surveys to be conducted in the region were done in July 2011""."
FSNAU-Technical-Series-Report-Post-Gu-2012-Nutrition-Analysis.pdf,"p46/p48: Hiran (Buloburti and Jalaqsi districts) - lack of access to conduct livelihood-based surveys persisted; only Beletweyne and Mataban districts surveyed; ""No surveys were undertaken in Buloburti and Jalaqsi districts""."
FSNAU-Technical-Series-Report-Post-Gu-2012-Nutrition-Analysis.pdf,"p10: Other urban livelihood zones of southern regions - ""Due to security reasons, it was not possible to undertake nutrition surveys in the other urban livelihoods zones of the southern regions"" (only Mogadishu town surveyed)."
FSNAU-Technical-Series-Report-Post-Gu-2012-Nutrition-Analysis.pdf,"p10: Galgadud urban - ""A survey was not conducted in Galgadud in December 2011"" (previous season; context only)."
FSNAU-Technical-Series-Report-Post-Gu-2012-Nutrition-Analysis.pdf,"p51/p53: Cowpea belt and Coastal Deeh (Central) - surveys ""did not meet certain data quality criteria"" (high SD and plausibility scores) so only point estimates calculated from SD of 1 are given (recorded without CIs)."
FSNAU-Technical-Series-Report-Post-Gu-2013-Nutrition-Analysis.pdf,"p11 | Shabelle regions (Middle and Lower Shabelle) | no survey, insecurity limited access | ""Insecurity resulted in limited access to the population of interest in some areas: Shabelle."""
FSNAU-Technical-Series-Report-Post-Gu-2013-Nutrition-Analysis.pdf,"p18 | Shabelle regions and southern parts of Gedo, Bakool and Hiran | not possible to collect nutrition survey data (median Deyr 2012/13 rates used for caseloads) | ""for the Shabelle regions and southern parts of Gedo, Bakool and Hiran regions where it was not possible to collect nutrition survey data"""
FSNAU-Technical-Series-Report-Post-Gu-2013-Nutrition-Analysis.pdf,"p48 | South Gedo (pastoral, agro-pastoral, riverine), Juba (pastoral, agro-pastoral, riverine) and the cowpea belt | assessed by MUAC only, not SMART, because of access constraints | ""Because of constraints in access, nutrition situation in agropastorals, pastorals & riverine livelihoods of South Gedo and Juba and the cowpea belt were assessed through MUAC and not through SMART surveys."""
FSNAU-Technical-Series-Report-Post-Gu-2013-Nutrition-Analysis.pdf,"p49 | Southern Gedo | insecurity limited FSNAU access; MUAC assessment only | ""Insecurity in the South limited FSNAU access and nutrition situation was assessed through MUAC."""
FSNAU-Technical-Series-Report-Post-Gu-2013-Nutrition-Analysis.pdf,"p57 | Middle and Lower Shabelle | no nutrition assessment (section on Shabelle regions; insecurity/lack of access to humanitarian interventions) | ""The Shabelle regions continue to struggle with the negative impacts of civil insecurity."""
FSNAU-Technical-Series-Report-Post-Gu-2013-Nutrition-Analysis.pdf,"p60 | Shabelle regions (remaining) | no nutrition assessment since July 2011, insecurity limits access | ""FSNAU has not been able to conduct any type of nutrition assessment since July 2011."" and ""Insecurity remains a serious challenge and limits access."""
FSNAU-Technical-Series-Report-Post-Gu-2013-Nutrition-Analysis.pdf,"p65 | Bakool agro-pastoral livelihood | not assessed, insufficient data to estimate overall nutrition situation | ""No assessment was conducted in the agro-pastoral livelihood of Bakool region; therefore there was insufficient data to estimate the overall nutrition situation."""
FSNAU-Technical-Series-Report-Post-Gu-2014-Nutrition-Analysis.pdf,"p12 | Juba (Middle and Lower Juba) | Insecurity limits access; lack of qualified partners | ""Insecurity limits access to the population of concern and lack of qualified partners in some areas: Juba"" (Survey Limitations)"
FSNAU-Technical-Series-Report-Post-Gu-2014-Nutrition-Analysis.pdf,"p13 | Middle Juba and Lower Juba: three surveys (Juba pastoral, agro-pastoral, riverine) | Surveys conducted but results discarded for poor data quality | ""Three additional nutrition surveys conducted in Middle and Lower Juba were discarded due to problems with the quality of the survey data."" (repeated p16: ""data from Juba was excluded from further analysis""; p106 Appendix 6.1; p78: ""Three comprehensive SMART nutrition surveys were conducted in Juba region"" with 2 698 children, no results printed)"
FSNAU-Technical-Series-Report-Post-Gu-2014-Nutrition-Analysis.pdf,"p13 | Areas left blank (no FSNAU/partner coverage) on Map 1 ""Gu 2014 Assessed Areas"": Middle Juba, Lower Juba, parts of Bakool, Hiran and Banadir/Lower Shabelle hinterland | Map only; no reason stated beside the map | Map 1 legend shows coverage by FSNAU, CAFDARO, EPHCO, INTERSOS, SWISS-KALMO only"
FSNAU-Technical-Series-Report-Post-Gu-2014-Nutrition-Analysis.pdf,"p18 | Middle Juba, Lower Juba (and other areas marked ""Insufficient data"" on the nutrition situation map) | Insufficient data | Map legend: ""Insufficient data"" (L. JUBA, M. JUBA labelled; repeated in the annex maps p115)"
FSNAU-Technical-Series-Report-Post-Gu-2014-Nutrition-Analysis.pdf,"p84 | Qoryoley and Merka districts (Lower Shabelle) | Inaccessibility | ""Qoryole and Merka were excluded from the sampling list due to inaccessibility"""
FSNAU-Technical-Series-Report-Post-Gu-2014-Nutrition-Analysis.pdf,"p84 | Lower and Middle Shabelle (WHZ assessments in prior seasons) | Access difficulty; Gu 2014 assessment done with partner help | ""After several consecutive seasons of not being able to conduct WHZ assessments in the Shabelles due to access difficulty, in Gu 2014, with assistance from partners, an assessment conducted in Middle and Lower Shabelle..."""
FSNAU-Technical-Series-Report-Post-Gu-2014-Nutrition-Analysis.pdf,"p71 | South Gedo; Juba; Cowpea Belt | Assessed through MUAC surveys rather than SMART (access); recorded as MUAC rapid rows for South Gedo and Cowpea | ""South Gedo and Juba and the Cowpea Belt were assessed through MUAC surveys."""
FSNAU-Technical-Series-Report-Post-Gu-2015-Nutrition-Analysis.pdf,"p12 | Juba, parts of Bakool, Hiran and Shabelle regions | insecurity limits access / lack of qualified partners | ""Insecurity limits access to the population of concern and lack of qualified partners in some areas: Juba, parts of Bakool, Hiran and Shabelle regions"""
FSNAU-Technical-Series-Report-Post-Gu-2015-Nutrition-Analysis.pdf,"p9 | Six difficult-to-access areas (South Gedo pastoral, agro-pastoral, riverine; Coastal Deeh and Cowpea Belt in Central; Juba cattle pastoral) | access; only MUAC surveys done | ""nutrition survey using MUAC for measuring acute malnutrition in six difficult to access areas"""
FSNAU-Technical-Series-Report-Post-Gu-2015-Nutrition-Analysis.pdf,"p63 | Agropastoral and Riverine livelihoods of South Gedo and Juba, and the Cowpea Belt | constraints in access; assessed through MUAC surveys only | ""Owing to constraints in access, ... were assessed through MUAC surveys."""
FSNAU-Technical-Series-Report-Post-Gu-2015-Nutrition-Analysis.pdf,"p57 | Coastal Deeh and Cowpea Belt (Central) | representative MUAC assessment instead of full survey | ""in the other two livelihoods (Coastal Deeh and Cowpea Belt) representative MUAC assessment was done"""
FSNAU-Technical-Series-Report-Post-Gu-2015-Nutrition-Analysis.pdf,"p23 | Juba regions (rural) | no nutrition survey data collected; Gu 2015 median rates applied for caseload | ""for the Juba Regions where it was not possible to collect nutrition survey data, the median rates for the surveys conducted in the Gu 2015 were applied"""
FSNAU-Technical-Series-Report-Post-Gu-2015-Nutrition-Analysis.pdf,"p84 | Hiran region: districts other than Beletweyne and Mataban | only accessible areas surveyed | ""FSNAU conducted two nutrition surveys (rural livelihoods) in accessible areas of Matabaan and Beletweyne District."""
FSNAU-Technical-Series-Report-Post-Gu-2015-Nutrition-Analysis.pdf,"p18 | Areas not surveyed (caseload estimation) | caseload estimated by similar-livelihood prevalence | ""The caseload estimation is normally done for the whole of Somalia which includes areas that have not been surveyed."""
FSNAU-Technical-Series-Report-Post-Gu-2016-Nutrition-Analysis.pdf,"p13 | Juba Pastoral, East Golis, Cowpea Belt, Southern Agro-Pastoral rural livelihood zones | not covered, insecurity | ""Four of the remaining livelihoods were not covered due to insecurity concerns. These are Juba Pastoral, East Golis, Cowpea Belt and Southern Agro-Pastoral."""
FSNAU-Technical-Series-Report-Post-Gu-2016-Nutrition-Analysis.pdf,"p13 | 3 of the 18 rural livelihood zones | not covered by the Gu 2016 survey | ""The Gu 2016 integrated food security and nutrition assessment covered 15 of the 18 rural livelihoods plus the 13 major IDP settlements"" (the report's own count: 18 minus 15 = 3, but it then lists four zones; inconsistency in the report)"
FSNAU-Technical-Series-Report-Post-Gu-2016-Nutrition-Analysis.pdf,"p12 | South-central Somalia (general) | short data-collection tool used because of insecurity | ""in the south central Somalia ... due to security threat, a short version of data collection tool was designed and adopted"""
FSNAU-Technical-Series-Report-Post-Gu-2016-Nutrition-Analysis.pdf,"p30 | Map/table of Gu 2016 results with an 'Inaccessible areas/livelihood' legend entry and 'Not assessed' cells | areas not assessed (reason not stated on page) | text-layer fragments ""Not assessed"" and ""Inaccessible areas/livelihood""; not tied to specific areas in the text layer"
Nutrition-Situation-Analysis-Post-Deyr-2016-17-Bay-and-Bakool.pdf,"p2/p19 | Bakool Agro-pastoral | not in survey list (only Baidoa IDPs, Bay AP, Bakool Pastoral surveyed); slide 19 shows only HIS malnutrition trends for Bakool agro-pastoral; no reason stated"
Nutrition-Situation-Analysis-Post-Deyr-2016-17-Central.pdf,"p2 | Coastal Deeh ('Costal Deah') | no survey listed (Type of survey 'N/A', 'Cowpea', 'N/A') | reason not stated; note Northeast-and-Central deck does report a Coastal Deeh survey"
Technical-Series-Report-Post-Deyr-10-11-Nutrition-Analysis.pdf,"p28 | Bakool region (all livelihoods: pastoral, agro-pastoral) | no representative nutrition survey: ""Due to the increased civil insecurity and lack of access to most of the area in the region, it was not possible to conduct a representative nutrition survey in any of Bakool's livelihood zones."" (only rapid MUAC; IMC pulled out of Elberde, no functional health facilities/feeding data)"
Technical-Series-Report-Post-Deyr-10-11-Nutrition-Analysis.pdf,"p33 | Middle Shabelle region | no comprehensive survey: ""In Middle Shabelle region, there was no comprehensive nutrition survey conducted due to lack of access, therefore there is no conclusive phase classification for the region."" (rapid MUAC only, rated poor quality R3)"
Technical-Series-Report-Post-Deyr-10-11-Nutrition-Analysis.pdf,"p34 | Lower Shabelle agro-pastoral and riverine | rapid MUAC only (10 sites, N=1100 each), ""poor tallying, therefore the data also had a low reliability (R3)""; no anthropometric survey reported"
Technical-Series-Report-Post-Deyr-10-11-Nutrition-Analysis.pdf,"p38 | Hiran region (pastoral, agro-pastoral, riverine) | ""Due to security constraints FSNAU staff were unable to travel and conduct the preferred nutrition surveys""; rapid MUAC in 10 villages per livelihood instead"
Technical-Series-Report-Post-Deyr-10-11-Nutrition-Analysis.pdf,p36 | Banadir/Mogadishu | no anthropometric survey (Table 10 shows '-' for GAM/SAM); rapid MUAC only (six district sites)
Technical-Series-Report-Post-Deyr-10-11-Nutrition-Analysis.pdf,p25/p26 | Kismayo IDPs (Lower Juba) | rapid MUAC only (Table 25 p67); no survey
Technical-Series-Report-Post-Deyr-10-11-Nutrition-Analysis.pdf,"p43 | Central region Cowpea Belt agro-pastoral and Coastal Deeh | MUAC measurements only (7 sites), no anthropometric survey"
